Security,Type,InputType,Input,Source
AUD,FORWARD,10YYields,GTAUD10YR Corp,BBG
AUD,FORWARD,2YYields,GTAUD2YR Corp,BBG
AUD,FORWARD,3MYields,AUTE3MAY Index,BBG
AUD,FORWARD,Balance of Payments,G10:N193BBPG,HAVER
AUD,FORWARD,Carry,AUDI3M Curncy,BBG
AUD,FORWARD,Carry 12M,AUDI12M Curncy,BBG
AUD,FORWARD,Carry2,US0003M Index,BBG
AUD,FORWARD,Carry2 12M,US0012M Curncy,BBG
AUD,FORWARD,ClearMacro,Australia,CLEARMACRO
AUD,FORWARD,ClearMacro V3,AUS,CLEARMACRO
AUD,FORWARD,CPI,AUCCPI..E,DATASTREAM
AUD,FORWARD,CPI_YOY,AUCPIYOY Index,BBG
AUD,FORWARD,Current Account,EHCAAU INDEX,BBG
AUD,FORWARD,Economic Surprises,CESIAUD Index,BBG
AUD,FORWARD,Equity Performance,AS51 Index,BBG
AUD,FORWARD,Inflation Surprises,CSIIAUD Index,BBG
AUD,FORWARD,Long term rate,AUGBOND.,DATASTREAM
AUD,FORWARD,OECD CLI,OEAUKLAC Index,BBG
AUD,FORWARD,PPP,PPP AS Index,BBG
AUD,FORWARD,Return Period,66,BBG
AUD,FORWARD,RISK_TICKER,USDAUD CURNCY,BBG
AUD,FORWARD,RISK_TICKER2,AUDUSD CURNCY,BBG
AUD,FORWARD,Short term rate,AUMSHORT,DATASTREAM
AUD,FORWARD,Spot,USDAUD Curncy,BBG
AUD,FORWARD,Terms of Trade,AUTOTPRCF,DATASTREAM
AUD,FORWARD,Unemployment Rate,AULFUNEM Index,BBG
AUD,FUTURE,ACTIVE_TICKER,ADA CURNCY,BBG
AUD,FUTURE,Carry,AUDUSD CURNCY,BBG
AUD,FUTURE,Carry2,AUD1M CURNCY,BBG
AUD,FUTURE,ClearMacro,Australia,CLEARMACRO
AUD,FUTURE,ClearMacro V3,AUS,CLEARMACRO
AUD,FUTURE,CPI,AUCCPI..E,DATASTREAM
AUD,FUTURE,CPI_YOY,AUCPIYOY Index,BBG
AUD,FUTURE,Current Account,EHCAAU INDEX,BBG
AUD,FUTURE,Equity Performance,AS51 Index,BBG
AUD,FUTURE,FX XXXGBP,USDGBP CURNCY,BBG
AUD,FUTURE,GENERIC_TICKER,AD1_CURNCY,BBG
AUD,FUTURE,NO_ADJ,AD1 A:00_0_N? CURNCY,BBG
AUD,FUTURE,Return Period,66,BBG
AUD,FUTURE,RISK_TICKER,AD1 A:00_0_R? CURNCY,BBG
AUD,FUTURE,RISK_TICKER2,AD1 A:00_0_R? CURNCY,BBG
AUD,FUTURE,Short term rate,AUMSHORT,DATASTREAM
AUD,FUTURE,Spot,AD1 A:00_0_R? CURNCY,BBG
AUD,FUTURE,Terms of Trade,AUTOTPRCF,DATASTREAM
AUD,FUTURE,TREND_PRICE,AD1 A:00_0_D? CURNCY,BBG
AUD,FUTURE,Unemployment Rate,AULFUNEM Index,BBG
AUS 10YR,FUTURE,10YYields,I00110Y INDEX,BBG
AUS 10YR,FUTURE,2YYields,I00102Y INDEX,BBG
AUS 10YR,FUTURE,ACTIVE_TICKER,XMA COMDTY,BBG
AUS 10YR,FUTURE,Carry,I00103M INDEX,BBG
AUS 10YR,FUTURE,Carry2,I00109Y INDEX,BBG
AUS 10YR,FUTURE,Carry3,I00110Y INDEX,BBG
AUS 10YR,FUTURE,ClearMacro,Australia,CLEARMACRO
AUS 10YR,FUTURE,CPI,AUCCPI..E,DATASTREAM
AUS 10YR,FUTURE,Equity Performance,AS51 Index,BBG
AUS 10YR,FUTURE,GENERIC_TICKER,XM1_COMDTY,BBG
AUS 10YR,FUTURE,NO_ADJ,XM1 A:00_0_N? COMDTY,BBG
AUS 10YR,FUTURE,Return Period,252,BBG
AUS 10YR,FUTURE,RISK_TICKER,XM1 A:00_0_R? COMDTY,BBG
AUS 10YR,FUTURE,RISK_TICKER2,XM1 A:00_0_R? COMDTY,BBG
AUS 10YR,FUTURE,Short term rate,AUMSHORT,DATASTREAM
AUS 10YR,FUTURE,Spot,XM1 A:00_0_R? COMDTY,BBG
AUS 10YR,FUTURE,Terms of Trade,AUTOTPRCF,DATASTREAM
AUS 10YR,FUTURE,TREND_PRICE,XM1 A:00_0_D? COMDTY,BBG
AUSTRALIA,FUTURE,ACTIVE_TICKER,XPA INDEX,BBG
AUSTRALIA,FUTURE,ASR ERP,AUASERP,DATASTREAM
AUSTRALIA,FUTURE,Carry,XP1 A:00_0_N? INDEX,BBG
AUSTRALIA,FUTURE,Carry2,XP2 A:00_0_N? INDEX,BBG
AUSTRALIA,FUTURE,ClearMacro,Australia,CLEARMACRO
AUSTRALIA,FUTURE,CPI,AUCCPI..E,DATASTREAM
AUSTRALIA,FUTURE,FX XXXGBP,AUDGBP CURNCY,BBG
AUSTRALIA,FUTURE,FX XXXUSD,AUDUSD CURNCY,BBG
AUSTRALIA,FUTURE,GENERIC_TICKER,XP1_INDEX,BBG
AUSTRALIA,FUTURE,MSCI Index,MXAU INDEX,BBG
AUSTRALIA,FUTURE,NO_ADJ,XP1 A:00_0_N? INDEX,BBG
AUSTRALIA,FUTURE,Return Period,252,BBG
AUSTRALIA,FUTURE,RISK_TICKER,XP1 A:00_0_R? INDEX,BBG
AUSTRALIA,FUTURE,RISK_TICKER2,XP1 A:00_0_R? INDEX,BBG
AUSTRALIA,FUTURE,Short term rate,AUMSHORT,DATASTREAM
AUSTRALIA,FUTURE,Spot,XP1 A:00_0_R? INDEX,BBG
AUSTRALIA,FUTURE,Terms of Trade,AUTOTPRCF,DATASTREAM
AUSTRALIA,FUTURE,TREND_PRICE,XP1 A:00_0_D? INDEX,BBG
BOBL,FUTURE,ACTIVE_TICKER,OEA COMDTY,BBG
BOBL,FUTURE,Carry,I01603M INDEX,BBG
BOBL,FUTURE,Carry2,I01609Y INDEX,BBG
BOBL,FUTURE,Carry3,I01610Y INDEX,BBG
BOBL,FUTURE,ClearMacro,Germany,CLEARMACRO
BOBL,FUTURE,Equity Performance,DAX Index,BBG
BOBL,FUTURE,GENERIC_TICKER,OE1_COMDTY,BBG
BOBL,FUTURE,NO_ADJ,OE1 A:00_0_N? COMDTY,BBG
BOBL,FUTURE,Return Period,252,BBG
BOBL,FUTURE,RISK_TICKER,OE1 A:00_0_R? COMDTY,BBG
BOBL,FUTURE,RISK_TICKER2,OE1 A:00_0_R? COMDTY,BBG
BOBL,FUTURE,Spot,OE1 A:00_0_R? COMDTY,BBG
BOBL,FUTURE,TREND_PRICE,OE1 A:00_0_D? COMDTY,BBG
BRAZIL,FUTURE,ACTIVE_TICKER,BZA INDEX,BBG
BRAZIL,FUTURE,Carry,BZ1 A:00_0_N? INDEX,BBG
BRAZIL,FUTURE,Carry2,BZ2 A:00_0_N? INDEX,BBG
BRAZIL,FUTURE,ClearMacro,Brazil,CLEARMACRO
BRAZIL,FUTURE,GENERIC_TICKER,BZ1_INDEX,BBG
BRAZIL,FUTURE,NO_ADJ,BZ1 A:00_0_N? INDEX,BBG
BRAZIL,FUTURE,Return Period,252,BBG
BRAZIL,FUTURE,RISK_TICKER,BZ1 A:00_0_R? INDEX,BBG
BRAZIL,FUTURE,RISK_TICKER2,BZ1 A:00_0_R? INDEX,BBG
BRAZIL,FUTURE,Spot,BZ1 A:00_0_R? INDEX,BBG
BRAZIL,FUTURE,TREND_PRICE,BZ1 A:00_0_D? INDEX,BBG
BRENT CRUDE,FUTURE,ACTIVE_TICKER,COA COMDTY,BBG
BRENT CRUDE,FUTURE,Carry,CO1 A:00_0_N? COMDTY,BBG
BRENT CRUDE,FUTURE,Carry2,CO2 A:00_0_N? COMDTY,BBG
BRENT CRUDE,FUTURE,FX XXXGBP,USDGBP CURNCY,BBG
BRENT CRUDE,FUTURE,GENERIC_TICKER,CO1_COMDTY,BBG
BRENT CRUDE,FUTURE,NO_ADJ,CO1 A:00_0_N? COMDTY,BBG
BRENT CRUDE,FUTURE,Return Period,252,BBG
BRENT CRUDE,FUTURE,RISK_TICKER,CO1 A:00_0_R? COMDTY,BBG
BRENT CRUDE,FUTURE,RISK_TICKER2,CO1 A:00_0_R? COMDTY,BBG
BRENT CRUDE,FUTURE,Spot,CO1 A:00_0_R? COMDTY,BBG
BRENT CRUDE,FUTURE,TREND_PRICE,CO1 A:00_0_D? COMDTY,BBG
BRL,FORWARD,10YYields,GEBR10Y Index,BBG
BRL,FORWARD,2M_FWD,BCN2M CMPN Curncy,BBG
BRL,FORWARD,2YYields,GEBR02Y Index,BBG
BRL,FORWARD,3M_FWD,BCN3M CMPN Curncy,BBG
BRL,FORWARD,3MYields,BZAD3M Index,BBG
BRL,FORWARD,ACTIVE_TICKER,USDBRLCR CURNCY,BBG
BRL,FORWARD,Carry,BCNI3M Curncy,BBG
BRL,FORWARD,Carry 12M,BCNI12M CMPN Curncy,BBG
BRL,FORWARD,Carry2,US0003M Curncy,BBG
BRL,FORWARD,Carry2 12M,US0012M Curncy,BBG
BRL,FORWARD,Carry3,CEWSBRL Index,BBG
BRL,FORWARD,ClearMacro,Brazil,CLEARMACRO
BRL,FORWARD,CPI_YOY,BZPIIPCY Index,BBG
BRL,FORWARD,Current Account,EHCABR INDEX,BBG
BRL,FORWARD,Economic Surprises,CESIBRL Index,BBG
BRL,FORWARD,Equity Performance,IBOV Index,BBG
BRL,FORWARD,FX XXXGBP,BRLGBP CURNCY,BBG
BRL,FORWARD,GBP_Spot,GBPBRL Curncy,BBG
BRL,FORWARD,GENERIC_TICKER,USDBRLCR_CURNCY,BBG
BRL,FORWARD,IMPVOL,USDBRLV3M Curncy,BBG
BRL,FORWARD,Inflation Surprises,CSIIBRL Index,BBG
BRL,FORWARD,NO_ADJ,USDBRL CURNCY,BBG
BRL,FORWARD,OECD CLI,OEBRKLAC Index,BBG
BRL,FORWARD,PPP,IPPPBRA Index,BBG
BRL,FORWARD,Return Period,22,BBG
BRL,FORWARD,RISK_TICKER,USDBRL CURNCY,BBG
BRL,FORWARD,RISK_TICKER2,BRLUSD CURNCY,BBG
BRL,FORWARD,Spot,USDBRL CURNCY,BBG
BRL,FORWARD,TREND_PRICE,USDBRL CURNCY,BBG
BRL,FORWARD,Unemployment Rate,BRLFUNRT Index,BBG
BRL,FORWARD,USD_Spot,USDBRL Curncy,BBG
BTP,FUTURE,ACTIVE_TICKER,IKA COMDTY,BBG
BTP,FUTURE,Carry,I04003M INDEX,BBG
BTP,FUTURE,Carry2,I04009Y INDEX,BBG
BTP,FUTURE,Carry3,I04010Y INDEX,BBG
BTP,FUTURE,ClearMacro,Italy,CLEARMACRO
BTP,FUTURE,Equity Performance,FTSEMIB Index,BBG
BTP,FUTURE,FX XXXGBP,EURGBP CURNCY,BBG
BTP,FUTURE,GENERIC_TICKER,IK1_COMDTY,BBG
BTP,FUTURE,NO_ADJ,IK1 A:00_0_N? COMDTY,BBG
BTP,FUTURE,Return Period,252,BBG
BTP,FUTURE,RISK_TICKER,IK1 A:00_0_R? COMDTY,BBG
BTP,FUTURE,RISK_TICKER2,IK1 A:00_0_R? COMDTY,BBG
BTP,FUTURE,Spot,IK1 A:00_0_R? COMDTY,BBG
BTP,FUTURE,TREND_PRICE,IK1 A:00_0_D? COMDTY,BBG
BUND,FUTURE,10YYields,I01610Y INDEX,BBG
BUND,FUTURE,2YYields,I01602Y INDEX,BBG
BUND,FUTURE,ACTIVE_TICKER,RXA COMDTY,BBG
BUND,FUTURE,Carry,I01603M INDEX,BBG
BUND,FUTURE,Carry2,I01609Y INDEX,BBG
BUND,FUTURE,Carry3,I01610Y INDEX,BBG
BUND,FUTURE,ClearMacro,Germany,CLEARMACRO
BUND,FUTURE,Equity Performance,DAX Index,BBG
BUND,FUTURE,FX XXXGBP,EURGBP CURNCY,BBG
BUND,FUTURE,GENERIC_TICKER,RX1_COMDTY,BBG
BUND,FUTURE,NO_ADJ,RX1 A:00_0_N? COMDTY,BBG
BUND,FUTURE,Return Period,252,BBG
BUND,FUTURE,RISK_TICKER,RX1 A:00_0_R? COMDTY,BBG
BUND,FUTURE,RISK_TICKER2,RX1 A:00_0_R? COMDTY,BBG
BUND,FUTURE,Spot,RX1 A:00_0_R? COMDTY,BBG
BUND,FUTURE,TREND_PRICE,RX1 A:00_0_D? COMDTY,BBG
BUXL,FUTURE,ACTIVE_TICKER,UBA COMDTY,BBG
BUXL,FUTURE,Carry,I01603M INDEX,BBG
BUXL,FUTURE,Carry2,I01609Y INDEX,BBG
BUXL,FUTURE,Carry3,I01610Y INDEX,BBG
BUXL,FUTURE,ClearMacro,Germany,CLEARMACRO
BUXL,FUTURE,Equity Performance,DAX Index,BBG
BUXL,FUTURE,GENERIC_TICKER,UB1_COMDTY,BBG
BUXL,FUTURE,NO_ADJ,UB1 A:00_0_N? COMDTY,BBG
BUXL,FUTURE,Return Period,252,BBG
BUXL,FUTURE,RISK_TICKER,UB1 A:00_0_R? COMDTY,BBG
BUXL,FUTURE,RISK_TICKER2,UB1 A:00_0_R? COMDTY,BBG
BUXL,FUTURE,Spot,UB1 A:00_0_R? COMDTY,BBG
BUXL,FUTURE,TREND_PRICE,UB1 A:00_0_D? COMDTY,BBG
CAD,FORWARD,10YYields,GTCAD10YR Corp,BBG
CAD,FORWARD,2YYields,GTCAD2YR Corp,BBG
CAD,FORWARD,3MYields,FMSTTB3M Index,BBG
CAD,FORWARD,Balance of Payments,G10:N156BBPG,HAVER
CAD,FORWARD,Carry,CADI3M Curncy,BBG
CAD,FORWARD,Carry 12M,CADI12M CURNCY,BBG
CAD,FORWARD,Carry2,US0003M Index,BBG
CAD,FORWARD,Carry2 12M,US0012M Curncy,BBG
CAD,FORWARD,ClearMacro,Canada,CLEARMACRO
CAD,FORWARD,CPI,CNI64...F,DATASTREAM
CAD,FORWARD,CPI_YOY,CACPIYOY Index,BBG
CAD,FORWARD,Current Account,EHCACA INDEX,BBG
CAD,FORWARD,Economic Surprises,CESICAD Index,BBG
CAD,FORWARD,Equity Performance,SPTSX Index,BBG
CAD,FORWARD,Inflation Surprises,CSIICAD Index,BBG
CAD,FORWARD,Long term rate,CNGBOND.,DATASTREAM
CAD,FORWARD,OECD CLI,OECAKLAC Index,BBG
CAD,FORWARD,PPP,PPP CA Index,BBG
CAD,FORWARD,Return Period,66,BBG
CAD,FORWARD,RISK_TICKER,USDCAD CURNCY,BBG
CAD,FORWARD,RISK_TICKER2,CADUSD CURNCY,BBG
CAD,FORWARD,Short term rate,CNB14044,DATASTREAM
CAD,FORWARD,Spot,USDCAD Curncy,BBG
CAD,FORWARD,Terms of Trade,CNTOTPRCE,DATASTREAM
CAD,FORWARD,Unemployment Rate,CANLXEMR Index,BBG
CAD,FUTURE,ACTIVE_TICKER,CDA CURNCY,BBG
CAD,FUTURE,Carry,CADUSD CURNCY,BBG
CAD,FUTURE,Carry2,CAD1M CURNCY,BBG
CAD,FUTURE,ClearMacro,Canada,CLEARMACRO
CAD,FUTURE,CPI,CNI64...F,DATASTREAM
CAD,FUTURE,CPI_YOY,CACPIYOY Index,BBG
CAD,FUTURE,Current Account,EHCACA INDEX,BBG
CAD,FUTURE,Equity Performance,SPTSX Index,BBG
CAD,FUTURE,FX XXXGBP,USDGBP CURNCY,BBG
CAD,FUTURE,GENERIC_TICKER,CD1_CURNCY,BBG
CAD,FUTURE,NO_ADJ,CD1 A:00_0_N? CURNCY,BBG
CAD,FUTURE,Return Period,66,BBG
CAD,FUTURE,RISK_TICKER,CD1 A:00_0_R? CURNCY,BBG
CAD,FUTURE,RISK_TICKER2,CD1 A:00_0_R? CURNCY,BBG
CAD,FUTURE,Short term rate,CNB14044,DATASTREAM
CAD,FUTURE,Spot,CD1 A:00_0_R? CURNCY,BBG
CAD,FUTURE,Terms of Trade,CNTOTPRCE,DATASTREAM
CAD,FUTURE,TREND_PRICE,CD1 A:00_0_D? CURNCY,BBG
CAD,FUTURE,Unemployment Rate,CANLXEMR Index,BBG
CAN 10YR,FUTURE,10YYields,I00710Y INDEX,BBG
CAN 10YR,FUTURE,2YYields,I00702Y INDEX,BBG
CAN 10YR,FUTURE,ACTIVE_TICKER,CNA COMDTY,BBG
CAN 10YR,FUTURE,Carry,I00703M INDEX,BBG
CAN 10YR,FUTURE,Carry2,I00709Y INDEX,BBG
CAN 10YR,FUTURE,Carry3,I00710Y INDEX,BBG
CAN 10YR,FUTURE,ClearMacro,Canada,CLEARMACRO
CAN 10YR,FUTURE,CPI,CNI64...F,DATASTREAM
CAN 10YR,FUTURE,Equity Performance,SPTSX Index,BBG
CAN 10YR,FUTURE,FX XXXGBP,CADGBP CURNCY,BBG
CAN 10YR,FUTURE,GENERIC_TICKER,CN1_COMDTY,BBG
CAN 10YR,FUTURE,NO_ADJ,CN1 A:00_0_N? COMDTY,BBG
CAN 10YR,FUTURE,Return Period,252,BBG
CAN 10YR,FUTURE,RISK_TICKER,CN1 A:00_0_R? COMDTY,BBG
CAN 10YR,FUTURE,RISK_TICKER2,CN1 A:00_0_R? COMDTY,BBG
CAN 10YR,FUTURE,Spot,CN1 A:00_0_R? COMDTY,BBG
CAN 10YR,FUTURE,Terms of Trade,CNTOTPRCE,DATASTREAM
CAN 10YR,FUTURE,TREND_PRICE,CN1 A:00_0_D? COMDTY,BBG
CANADA,FUTURE,ACTIVE_TICKER,PTA INDEX,BBG
CANADA,FUTURE,ASR ERP,CNASERP,DATASTREAM
CANADA,FUTURE,Carry,PT1 A:00_0_N? INDEX,BBG
CANADA,FUTURE,Carry2,PT2 A:00_0_N? INDEX,BBG
CANADA,FUTURE,ClearMacro,Canada,CLEARMACRO
CANADA,FUTURE,CPI,CNI64...F,DATASTREAM
CANADA,FUTURE,FX XXXGBP,CADGBP CURNCY,BBG
CANADA,FUTURE,FX XXXUSD,CADUSD CURNCY,BBG
CANADA,FUTURE,GENERIC_TICKER,PT1_INDEX,BBG
CANADA,FUTURE,MSCI Index,MXCA INDEX,BBG
CANADA,FUTURE,NO_ADJ,PT1 A:00_0_N? INDEX,BBG
CANADA,FUTURE,Return Period,252,BBG
CANADA,FUTURE,RISK_TICKER,PT1 A:00_0_R? INDEX,BBG
CANADA,FUTURE,RISK_TICKER2,PT1 A:00_0_R? INDEX,BBG
CANADA,FUTURE,Short term rate,CNB14044,DATASTREAM
CANADA,FUTURE,Spot,PT1 A:00_0_R? INDEX,BBG
CANADA,FUTURE,Terms of Trade,CNTOTPRCE,DATASTREAM
CANADA,FUTURE,TREND_PRICE,PT1 A:00_0_D? INDEX,BBG
CATTLE,FUTURE,ACTIVE_TICKER,LCA COMDTY,BBG
CATTLE,FUTURE,Carry,LC1 A:00_0_N? COMDTY,BBG
CATTLE,FUTURE,Carry2,LC2 A:00_0_N? COMDTY,BBG
CATTLE,FUTURE,ClearMacro,"Live Cattle
",CLEARMACRO
CATTLE,FUTURE,FX XXXGBP,USDGBP CURNCY,BBG
CATTLE,FUTURE,GENERIC_TICKER,LC1_COMDTY,BBG
CATTLE,FUTURE,NO_ADJ,LC1 A:00_0_N? COMDTY,BBG
CATTLE,FUTURE,Return Period,22,BBG
CATTLE,FUTURE,RISK_TICKER,LC1 A:00_0_R? COMDTY,BBG
CATTLE,FUTURE,RISK_TICKER2,LC1 A:00_0_R? COMDTY,BBG
CATTLE,FUTURE,Spot,LC1 A:00_0_R? COMDTY,BBG
CATTLE,FUTURE,TREND_PRICE,LC1 A:00_0_D? COMDTY,BBG
CDX HY 5YR,INDEX,ClearMacro,US,CLEARMACRO
CDX HY 5YR,INDEX,Equity Performance,SPX Index,BBG
CDX HY 5YR,INDEX,FX XXXGBP,USDGBP CURNCY,BBG
CDX HY 5YR,INDEX,Return Period,252,BBG
CDX HY 5YR,INDEX,RISK_TICKER,CDXTHL15 INDEX,BBG
CDX HY 5YR,INDEX,RISK_TICKER2,CDXTHL15 INDEX,BBG
CDX HY 5YR,INDEX,Spot,CDXTHL15 INDEX,BBG
CDX HY 5YR,INDEX,TREND_PRICE,CDXTHL15 INDEX,BBG
CDX IG 5YR,INDEX,ClearMacro,US,CLEARMACRO
CDX IG 5YR,INDEX,Equity Performance,SPX Index,BBG
CDX IG 5YR,INDEX,FX XXXGBP,USDGBP CURNCY,BBG
CDX IG 5YR,INDEX,Return Period,252,BBG
CDX IG 5YR,INDEX,RISK_TICKER,CDXTIL15 INDEX,BBG
CDX IG 5YR,INDEX,RISK_TICKER2,CDXTIL15 INDEX,BBG
CDX IG 5YR,INDEX,Spot,CDXTIL15 INDEX,BBG
CDX IG 5YR,INDEX,TREND_PRICE,CDXTIL15 INDEX,BBG
CHF,FORWARD,10YYields,GTCHF10YR Corp,BBG
CHF,FORWARD,2YYields,GTCHF2YR Corp,BBG
CHF,FORWARD,3MYields,SWIB3MAY Index,BBG
CHF,FORWARD,Balance of Payments,G10:N146BBPG,HAVER
CHF,FORWARD,Carry,CHFI3M Curncy,BBG
CHF,FORWARD,Carry 12M,CHFI12M CURNCY,BBG
CHF,FORWARD,Carry2,US0003M Index,BBG
CHF,FORWARD,Carry2 12M,US0012M Curncy,BBG
CHF,FORWARD,ClearMacro,Switzerland,CLEARMACRO
CHF,FORWARD,CPI,SWI64...F,DATASTREAM
CHF,FORWARD,CPI_YOY,SZCPIYOY Index,BBG
CHF,FORWARD,Current Account,EHCACH INDEX,BBG
CHF,FORWARD,Economic Surprises,CESICHF Index,BBG
CHF,FORWARD,Equity Performance,SMI Index,BBG
CHF,FORWARD,Inflation Surprises,CSIICHF Index,BBG
CHF,FORWARD,Long term rate,SWGBOND.,DATASTREAM
CHF,FORWARD,OECD CLI,OECHKLAC Index,BBG
CHF,FORWARD,PPP,PPP SZ Index,BBG
CHF,FORWARD,Return Period,66,BBG
CHF,FORWARD,RISK_TICKER,USDCHF CURNCY,BBG
CHF,FORWARD,RISK_TICKER2,CHFUSD CURNCY,BBG
CHF,FORWARD,Short term rate,B5CHF3M,DATASTREAM
CHF,FORWARD,Spot,USDCHF Curncy,BBG
CHF,FORWARD,Terms of Trade,SWTOTPRCF,DATASTREAM
CHF,FORWARD,Unemployment Rate,EHUPCH Index,BBG
CHF,FUTURE,ACTIVE_TICKER,SFA CURNCY,BBG
CHF,FUTURE,Carry,CHFUSD CURNCY,BBG
CHF,FUTURE,Carry2,CHF1M CURNCY,BBG
CHF,FUTURE,ClearMacro,Switzerland,CLEARMACRO
CHF,FUTURE,CPI,SWI64...F,DATASTREAM
CHF,FUTURE,CPI_YOY,SZCPIYOY Index,BBG
CHF,FUTURE,Current Account,EHCACH INDEX,BBG
CHF,FUTURE,Equity Performance,SMI Index,BBG
CHF,FUTURE,FX XXXGBP,USDGBP CURNCY,BBG
CHF,FUTURE,GENERIC_TICKER,SF1_CURNCY,BBG
CHF,FUTURE,NO_ADJ,SF1 A:00_0_N? CURNCY,BBG
CHF,FUTURE,Return Period,66,BBG
CHF,FUTURE,RISK_TICKER,SF1 A:00_0_R? CURNCY,BBG
CHF,FUTURE,RISK_TICKER2,SF1 A:00_0_R? CURNCY,BBG
CHF,FUTURE,Spot,SF1 A:00_0_R? CURNCY,BBG
CHF,FUTURE,Terms of Trade,SWTOTPRCF,DATASTREAM
CHF,FUTURE,TREND_PRICE,SF1 A:00_0_D? CURNCY,BBG
CHF,FUTURE,Unemployment Rate,EHUPCH Index,BBG
CHINA,FUTURE,ACTIVE_TICKER,HCA INDEX,BBG
CHINA,FUTURE,ASR ERP,CHASERP,DATASTREAM
CHINA,FUTURE,Carry,HC1 A:00_0_N? INDEX,BBG
CHINA,FUTURE,Carry2,HC2 A:00_0_N? INDEX,BBG
CHINA,FUTURE,ClearMacro,China,CLEARMACRO
CHINA,FUTURE,FX XXXGBP,HKDGBP CURNCY,BBG
CHINA,FUTURE,FX XXXUSD,CNYUSD CURNCY,BBG
CHINA,FUTURE,GENERIC_TICKER,HC1_INDEX,BBG
CHINA,FUTURE,MSCI Index,MXCN INDEX,BBG
CHINA,FUTURE,NO_ADJ,HC1 A:00_0_N? INDEX,BBG
CHINA,FUTURE,Return Period,252,BBG
CHINA,FUTURE,RISK_TICKER,HC1 A:00_0_R? INDEX,BBG
CHINA,FUTURE,RISK_TICKER2,HC1 A:00_0_R? INDEX,BBG
CHINA,FUTURE,Spot,HC1 A:00_0_R? INDEX,BBG
CHINA,FUTURE,TREND_PRICE,HC1 A:00_0_D? INDEX,BBG
CHINA 10YR,FUTURE,ACTIVE_TICKER,TFTA Comdty,BBG
CHINA 10YR,FUTURE,Carry,I29903M INDEX,BBG
CHINA 10YR,FUTURE,Carry2,I29909Y INDEX,BBG
CHINA 10YR,FUTURE,Carry3,I29910Y INDEX,BBG
CHINA 10YR,FUTURE,ClearMacro,China,CLEARMACRO
CHINA 10YR,FUTURE,Equity Performance,SHSZ300 Index,BBG
CHINA 10YR,FUTURE,GENERIC_TICKER,TFT1_COMDTY,BBG
CHINA 10YR,FUTURE,NO_ADJ,TFT1 A:00_0_N? COMDTY,BBG
CHINA 10YR,FUTURE,Return Period,252,BBG
CHINA 10YR,FUTURE,RISK_TICKER,TFT1 A:00_0_R? COMDTY,BBG
CHINA 10YR,FUTURE,RISK_TICKER2,TFT1 A:00_0_R? COMDTY,BBG
CHINA 10YR,FUTURE,Spot,TFT1 A:00_0_R? COMDTY,BBG
CHINA 10YR,FUTURE,TREND_PRICE,TFT1 A:00_0_D? COMDTY,BBG
CLP,FORWARD,10YYields,CLGB10Y Index,BBG
CLP,FORWARD,2M_FWD,CHN2M CMPN Curncy,BBG
CLP,FORWARD,2YYields,CLGB2Y Index,BBG
CLP,FORWARD,3M_FWD,CHN3M CMPN Curncy,BBG
CLP,FORWARD,3MYields,CLTN90DN Index,BBG
CLP,FORWARD,ACTIVE_TICKER,USDCLPCR CURNCY,BBG
CLP,FORWARD,Carry,CHNI3M Curncy,BBG
CLP,FORWARD,Carry2,US0003M Curncy,BBG
CLP,FORWARD,Carry3,CEWSCLP Index,BBG
CLP,FORWARD,ClearMacro,Chile,CLEARMACRO
CLP,FORWARD,CPI_YOY,CNPINSYO Index,BBG
CLP,FORWARD,Current Account,EHCACL INDEX,BBG
CLP,FORWARD,Economic Surprises,CESICLP Index,BBG
CLP,FORWARD,Equity Performance,IPSA Index,BBG
CLP,FORWARD,FX XXXGBP,CLPGBP CURNCY,BBG
CLP,FORWARD,GBP_Spot,GBPCLP Curncy,BBG
CLP,FORWARD,GENERIC_TICKER,USDCLPCR_CURNCY,BBG
CLP,FORWARD,IMPVOL,USDCLPV3M Curncy,BBG
CLP,FORWARD,Inflation Surprises,CSIICLP Index,BBG
CLP,FORWARD,NO_ADJ,USDCLP CURNCY,BBG
CLP,FORWARD,OECD CLI,OECLKLAC Index,BBG
CLP,FORWARD,PPP,IPPPCHL Index,BBG
CLP,FORWARD,Return Period,22,BBG
CLP,FORWARD,RISK_TICKER,USDCLP CURNCY,BBG
CLP,FORWARD,RISK_TICKER2,CLPUSD CURNCY,BBG
CLP,FORWARD,Spot,USDCLP CURNCY,BBG
CLP,FORWARD,TREND_PRICE,USDCLP CURNCY,BBG
CLP,FORWARD,Unemployment Rate,CHUETOTL Index,BBG
CLP,FORWARD,USD_Spot,USDCLP Curncy,BBG
CNY,FORWARD,10YYields,GCNY10YR Index,BBG
CNY,FORWARD,2M_FWD,CCN2M CMPN Curncy,BBG
CNY,FORWARD,2YYields,GCNY2YR Index,BBG
CNY,FORWARD,3M_FWD,CCN3M CMPN Curncy,BBG
CNY,FORWARD,3MYields,SHIF3M Index,BBG
CNY,FORWARD,ACTIVE_TICKER,USDCNYCR CURNCY,BBG
CNY,FORWARD,Carry,CNHI3M Curncy,BBG
CNY,FORWARD,Carry 12M,CCNI12M CMPN Curncy,BBG
CNY,FORWARD,Carry2,US0003M Curncy,BBG
CNY,FORWARD,Carry2 12M,US0012M Curncy,BBG
CNY,FORWARD,Carry3,CEWSCNY Index,BBG
CNY,FORWARD,ClearMacro,China,CLEARMACRO
CNY,FORWARD,CPI_YOY,CNCPIYOY Index,BBG
CNY,FORWARD,Current Account,EHCACN INDEX,BBG
CNY,FORWARD,Economic Surprises,CESICNY Index,BBG
CNY,FORWARD,Equity Performance,SHSZ300 Index,BBG
CNY,FORWARD,FX XXXGBP,CNYGBP CURNCY,BBG
CNY,FORWARD,GBP_Spot,GBPCNY Curncy,BBG
CNY,FORWARD,GENERIC_TICKER,USDCNYCR_CURNCY,BBG
CNY,FORWARD,IMPVOL,USDCNYV3M Curncy,BBG
CNY,FORWARD,Inflation Surprises,CSIICNY Index,BBG
CNY,FORWARD,NO_ADJ,USDCNY CURNCY,BBG
CNY,FORWARD,OECD CLI,OECNKLAC Index,BBG
CNY,FORWARD,PPP,IPPPCHN Index,BBG
CNY,FORWARD,Return Period,22,BBG
CNY,FORWARD,RISK_TICKER,USDCNY CURNCY,BBG
CNY,FORWARD,RISK_TICKER2,CNYUSD CURNCY,BBG
CNY,FORWARD,Spot,USDCNY CURNCY,BBG
CNY,FORWARD,TREND_PRICE,USDCNY CURNCY,BBG
CNY,FORWARD,Unemployment Rate,CNUERATE Index,BBG
CNY,FORWARD,USD_Spot,USDCNY Curncy,BBG
COFFEE,FUTURE,ACTIVE_TICKER,KCA COMDTY,BBG
COFFEE,FUTURE,Carry,KC1 A:00_0_N? COMDTY,BBG
COFFEE,FUTURE,Carry2,KC2 A:00_0_N? COMDTY,BBG
COFFEE,FUTURE,ClearMacro,Coffee,CLEARMACRO
COFFEE,FUTURE,FX XXXGBP,USDGBP CURNCY,BBG
COFFEE,FUTURE,GENERIC_TICKER,KC1_COMDTY,BBG
COFFEE,FUTURE,NO_ADJ,KC1 A:00_0_N? COMDTY,BBG
COFFEE,FUTURE,Return Period,252,BBG
COFFEE,FUTURE,RISK_TICKER,KC1 A:00_0_R? COMDTY,BBG
COFFEE,FUTURE,RISK_TICKER2,KC1 A:00_0_R? COMDTY,BBG
COFFEE,FUTURE,Spot,KC1 A:00_0_R? COMDTY,BBG
COFFEE,FUTURE,TREND_PRICE,KC1 A:00_0_D? COMDTY,BBG
COP,FORWARD,10YYields,COGR10Y Index,BBG
COP,FORWARD,2M_FWD,CLN2M CMPN Curncy,BBG
COP,FORWARD,2YYields,COGR2Y Index,BBG
COP,FORWARD,3M_FWD,CLN3M CMPN Curncy,BBG
COP,FORWARD,3MYields,DTF RATE Index,BBG
COP,FORWARD,ACTIVE_TICKER,USDCOPCR CURNCY,BBG
COP,FORWARD,Carry,CLNI3M Curncy,BBG
COP,FORWARD,Carry2,US0003M Curncy,BBG
COP,FORWARD,Carry3,CEWSCOP Index,BBG
COP,FORWARD,ClearMacro,Colombia,CLEARMACRO
COP,FORWARD,CPI_YOY,COCPIYOY Index,BBG
COP,FORWARD,Current Account,EHCACO INDEX,BBG
COP,FORWARD,Economic Surprises,CESICOP Index,BBG
COP,FORWARD,Equity Performance,COLCAP Index,BBG
COP,FORWARD,FX XXXGBP,COPGBP CURNCY,BBG
COP,FORWARD,GBP_Spot,GBPCOP Curncy,BBG
COP,FORWARD,GENERIC_TICKER,USDCOPCR_CURNCY,BBG
COP,FORWARD,IMPVOL,USDCOPV3M Curncy,BBG
COP,FORWARD,Inflation Surprises,CSIICOP Index,BBG
COP,FORWARD,NO_ADJ,USDCOP CURNCY,BBG
COP,FORWARD,PPP,IPPPCOL Index,BBG
COP,FORWARD,Return Period,22,BBG
COP,FORWARD,RISK_TICKER,USDCOP CURNCY,BBG
COP,FORWARD,RISK_TICKER2,COPUSD CURNCY,BBG
COP,FORWARD,Spot,USDCOP CURNCY,BBG
COP,FORWARD,TREND_PRICE,USDCOP CURNCY,BBG
COP,FORWARD,Unemployment Rate,COUNTOTN Index,BBG
COP,FORWARD,USD_Spot,USDCOP Curncy,BBG
COPPER,FUTURE,ACTIVE_TICKER,HGA COMDTY,BBG
COPPER,FUTURE,Carry,HG1 A:00_0_N? COMDTY,BBG
COPPER,FUTURE,Carry2,HG2 A:00_0_N? COMDTY,BBG
COPPER,FUTURE,ClearMacro,"Copper
",CLEARMACRO
COPPER,FUTURE,FX XXXGBP,USDGBP CURNCY,BBG
COPPER,FUTURE,GENERIC_TICKER,HG1_COMDTY,BBG
COPPER,FUTURE,NO_ADJ,HG1 A:00_0_N? COMDTY,BBG
COPPER,FUTURE,Return Period,252,BBG
COPPER,FUTURE,RISK_TICKER,HG1 A:00_0_R? COMDTY,BBG
COPPER,FUTURE,RISK_TICKER2,HG1 A:00_0_R? COMDTY,BBG
COPPER,FUTURE,Spot,HG1 A:00_0_R? COMDTY,BBG
COPPER,FUTURE,TREND_PRICE,HG1 A:00_0_D? COMDTY,BBG
CORN,FUTURE,ACTIVE_TICKER,C A COMDTY,BBG
CORN,FUTURE,Carry,C 1 A:00_0_N? COMDTY,BBG
CORN,FUTURE,Carry2,C 2 A:00_0_N? COMDTY,BBG
CORN,FUTURE,ClearMacro,Corn,CLEARMACRO
CORN,FUTURE,FX XXXGBP,USDGBP CURNCY,BBG
CORN,FUTURE,GENERIC_TICKER,C_1_COMDTY,BBG
CORN,FUTURE,NO_ADJ,C 1 A:00_0_N? COMDTY,BBG
CORN,FUTURE,Return Period,22,BBG
CORN,FUTURE,RISK_TICKER,C 1 A:00_0_R? COMDTY,BBG
CORN,FUTURE,RISK_TICKER2,C 1 A:00_0_R? COMDTY,BBG
CORN,FUTURE,Spot,C 1 A:00_0_R? COMDTY,BBG
CORN,FUTURE,TREND_PRICE,C 1 A:00_0_D? COMDTY,BBG
COTTON,FUTURE,ACTIVE_TICKER,CTA COMDTY,BBG
COTTON,FUTURE,Carry,CT1 A:00_0_N? COMDTY,BBG
COTTON,FUTURE,Carry2,CT2 A:00_0_N? COMDTY,BBG
COTTON,FUTURE,ClearMacro,Cotton,CLEARMACRO
COTTON,FUTURE,FX XXXGBP,USDGBP CURNCY,BBG
COTTON,FUTURE,GENERIC_TICKER,CT1_COMDTY,BBG
COTTON,FUTURE,NO_ADJ,CT1 A:00_0_N? COMDTY,BBG
COTTON,FUTURE,Return Period,252,BBG
COTTON,FUTURE,RISK_TICKER,CT1 A:00_0_R? COMDTY,BBG
COTTON,FUTURE,RISK_TICKER2,CT1 A:00_0_R? COMDTY,BBG
COTTON,FUTURE,Spot,CT1 A:00_0_R? COMDTY,BBG
COTTON,FUTURE,TREND_PRICE,CT1 A:00_0_D? COMDTY,BBG
DKK,FORWARD,ACTIVE_TICKER,USDDKK CURNCY,BBG
DKK,FORWARD,Carry,DKKI3M CURNCY,BBG
DKK,FORWARD,Carry 12M,DKKI12M CURNCY,BBG
DKK,FORWARD,Carry2,US0003M Curncy,BBG
DKK,FORWARD,Carry2 12M,US0012M Curncy,BBG
DKK,FORWARD,ClearMacro,Denmark,CLEARMACRO
DKK,FORWARD,Equity Performance,KFX Index,BBG
DKK,FORWARD,GENERIC_TICKER,USDDKK_CURNCY,BBG
DKK,FORWARD,NO_ADJ,USDDKK CURNCY,BBG
DKK,FORWARD,OECD CLI,OEDKKLAC Index,BBG
DKK,FORWARD,Return Period,252,BBG
DKK,FORWARD,RISK_TICKER,USDDKK CURNCY,BBG
DKK,FORWARD,RISK_TICKER2,DKKUSD CURNCY,BBG
DKK,FORWARD,TREND_PRICE,USDDKK CURNCY,BBG
EUR,FORWARD,10YYields,GTDEM10YR Corp,BBG
EUR,FORWARD,2YYields,GTDEM2YR Corp,BBG
EUR,FORWARD,3MYields,GECU3M Index,BBG
EUR,FORWARD,Balance of Payments,G10:N025BBPG,HAVER
EUR,FORWARD,Carry,EURI3M Curncy,BBG
EUR,FORWARD,Carry 12M,EURI12M CURNCY,BBG
EUR,FORWARD,Carry2,US0003M Index,BBG
EUR,FORWARD,Carry2 12M,US0012M Curncy,BBG
EUR,FORWARD,ClearMacro,Eurozone,CLEARMACRO
EUR,FORWARD,ClearMacro V3,Eurozone,CLEARMACRO
EUR,FORWARD,CPI,EMI64H..F,DATASTREAM
EUR,FORWARD,CPI_YOY,ECCPEMUY Index,BBG
EUR,FORWARD,Current Account,EHCAEU INDEX,BBG
EUR,FORWARD,Economic Surprises,CESIEUR Index,BBG
EUR,FORWARD,Equity Performance,SX5E Index,BBG
EUR,FORWARD,Inflation Surprises,CSIIEUR Index,BBG
EUR,FORWARD,Long term rate,BDGBOND.,DATASTREAM
EUR,FORWARD,OECD CLI,OE19KLAC Index,BBG
EUR,FORWARD,PPP,PPP EUAR Index,BBG
EUR,FORWARD,Return Period,66,BBG
EUR,FORWARD,RISK_TICKER,USDEUR CURNCY,BBG
EUR,FORWARD,RISK_TICKER2,EURUSD CURNCY,BBG
EUR,FORWARD,Short term rate,EMINTER3,DATASTREAM
EUR,FORWARD,Spot,USDEUR Curncy,BBG
EUR,FORWARD,Terms of Trade,BDTOTPRCE,DATASTREAM
EUR,FORWARD,Unemployment Rate,UMRTEMU Index,BBG
EUR,FUTURE,ACTIVE_TICKER,ECA CURNCY,BBG
EUR,FUTURE,Carry,EURUSD CURNCY,BBG
EUR,FUTURE,Carry2,EUR1M CURNCY,BBG
EUR,FUTURE,ClearMacro,Eurozone,CLEARMACRO
EUR,FUTURE,ClearMacro V3,Eurozone,CLEARMACRO
EUR,FUTURE,CPI,EMI64H..F,DATASTREAM
EUR,FUTURE,CPI_YOY,ECCPEMUY Index,BBG
EUR,FUTURE,Current Account,EHCAEU INDEX,BBG
EUR,FUTURE,Equity Performance,SX5E Index,BBG
EUR,FUTURE,FX XXXGBP,USDGBP CURNCY,BBG
EUR,FUTURE,GENERIC_TICKER,EC1_CURNCY,BBG
EUR,FUTURE,NO_ADJ,EC1 A:00_0_N? CURNCY,BBG
EUR,FUTURE,Return Period,66,BBG
EUR,FUTURE,RISK_TICKER,EC1 A:00_0_R? CURNCY,BBG
EUR,FUTURE,RISK_TICKER2,EC1 A:00_0_R? CURNCY,BBG
EUR,FUTURE,Short term rate,EMINTER3,DATASTREAM
EUR,FUTURE,Spot,EC1 A:00_0_R? CURNCY,BBG
EUR,FUTURE,Terms of Trade,BDTOTPRCE,DATASTREAM
EUR,FUTURE,TREND_PRICE,EC1 A:00_0_D? CURNCY,BBG
EUR,FUTURE,Unemployment Rate,UMRTEMU Index,BBG
EUROSTOXX,FUTURE,ACTIVE_TICKER,VGA INDEX,BBG
EUROSTOXX,FUTURE,Carry,VG1 A:00_0_N? INDEX,BBG
EUROSTOXX,FUTURE,Carry2,VG2 A:00_0_N? INDEX,BBG
EUROSTOXX,FUTURE,ClearMacro,Eurozone,CLEARMACRO
EUROSTOXX,FUTURE,FX XXXGBP,EURGBP CURNCY,BBG
EUROSTOXX,FUTURE,GENERIC_TICKER,VG1_INDEX,BBG
EUROSTOXX,FUTURE,NO_ADJ,VG1 A:00_0_N? INDEX,BBG
EUROSTOXX,FUTURE,Return Period,252,BBG
EUROSTOXX,FUTURE,RISK_TICKER,VG1 A:00_0_R? INDEX,BBG
EUROSTOXX,FUTURE,RISK_TICKER2,VG1 A:00_0_R? INDEX,BBG
EUROSTOXX,FUTURE,Spot,VG1 A:00_0_R? INDEX,BBG
EUROSTOXX,FUTURE,TREND_PRICE,VG1 A:00_0_D? INDEX,BBG
FRANCE,FUTURE,ACTIVE_TICKER,CFA INDEX,BBG
FRANCE,FUTURE,ASR ERP,FRASERP,DATASTREAM
FRANCE,FUTURE,Carry,CF1 A:00_0_N? INDEX,BBG
FRANCE,FUTURE,Carry2,CF2 A:00_0_N? INDEX,BBG
FRANCE,FUTURE,ClearMacro,France,CLEARMACRO
FRANCE,FUTURE,FX XXXGBP,EURGBP CURNCY,BBG
FRANCE,FUTURE,FX XXXUSD,EURUSD CURNCY,BBG
FRANCE,FUTURE,GENERIC_TICKER,CF1_INDEX,BBG
FRANCE,FUTURE,MSCI Index,MXFR INDEX,BBG
FRANCE,FUTURE,NO_ADJ,CF1 A:00_0_N? INDEX,BBG
FRANCE,FUTURE,Return Period,252,BBG
FRANCE,FUTURE,RISK_TICKER,CF1 A:00_0_R? INDEX,BBG
FRANCE,FUTURE,RISK_TICKER2,CF1 A:00_0_R? INDEX,BBG
FRANCE,FUTURE,Spot,CF1 A:00_0_R? INDEX,BBG
FRANCE,FUTURE,TREND_PRICE,CF1 A:00_0_D? INDEX,BBG
GASOLINE,FUTURE,ACTIVE_TICKER,XBA COMDTY,BBG
GASOLINE,FUTURE,Carry,XB1 A:00_0_N? COMDTY,BBG
GASOLINE,FUTURE,Carry2,XB2 A:00_0_N? COMDTY,BBG
GASOLINE,FUTURE,ClearMacro,Gasoline,CLEARMACRO
GASOLINE,FUTURE,FX XXXGBP,USDGBP CURNCY,BBG
GASOLINE,FUTURE,GENERIC_TICKER,XB1_COMDTY,BBG
GASOLINE,FUTURE,NO_ADJ,XB1 A:00_0_N? COMDTY,BBG
GASOLINE,FUTURE,Return Period,252,BBG
GASOLINE,FUTURE,RISK_TICKER,XB1 A:00_0_R? COMDTY,BBG
GASOLINE,FUTURE,RISK_TICKER2,XB1 A:00_0_R? COMDTY,BBG
GASOLINE,FUTURE,Spot,XB1 A:00_0_R? COMDTY,BBG
GASOLINE,FUTURE,TREND_PRICE,XB1 A:00_0_D? COMDTY,BBG
GBP,FORWARD,10YYields,GTGBP10YR Corp,BBG
GBP,FORWARD,2YYields,GTGBP2YR Corp,BBG
GBP,FORWARD,3MYields,UKGTB3M Index,BBG
GBP,FORWARD,Balance of Payments,G10:N112BBPG,HAVER
GBP,FORWARD,Carry,GBPI3M Curncy,BBG
GBP,FORWARD,Carry 12M,GBPI12M CURNCY,BBG
GBP,FORWARD,Carry2,US0003M Index,BBG
GBP,FORWARD,Carry2 12M,US0012M Curncy,BBG
GBP,FORWARD,ClearMacro,UK,CLEARMACRO
GBP,FORWARD,ClearMacro V3,GBR,CLEARMACRO
GBP,FORWARD,CPI,UKCONPRCF,DATASTREAM
GBP,FORWARD,CPI_YOY,UKRPCJYR Index,BBG
GBP,FORWARD,Current Account,EHCAGB INDEX,BBG
GBP,FORWARD,Economic Surprises,CESIGBP Index,BBG
GBP,FORWARD,Equity Performance,UKX Index,BBG
GBP,FORWARD,Inflation Surprises,CSIIGBP Index,BBG
GBP,FORWARD,Long term rate,UKGBOND.,DATASTREAM
GBP,FORWARD,OECD CLI,OEGBKLAC Index,BBG
GBP,FORWARD,PPP,PPP UK Index,BBG
GBP,FORWARD,Return Period,66,BBG
GBP,FORWARD,RISK_TICKER,USDGBP CURNCY,BBG
GBP,FORWARD,RISK_TICKER2,GBPUSD CURNCY,BBG
GBP,FORWARD,Short term rate,UKSOIA..,DATASTREAM
GBP,FORWARD,Spot,USDGBP Curncy,BBG
GBP,FORWARD,Terms of Trade,UKCTRM..F,DATASTREAM
GBP,FORWARD,Unemployment Rate,UKUEILOR Index,BBG
GBP,FUTURE,ACTIVE_TICKER,BPA CURNCY,BBG
GBP,FUTURE,Carry,GBPUSD CURNCY,BBG
GBP,FUTURE,Carry2,GBP1M CURNCY,BBG
GBP,FUTURE,ClearMacro,UK,CLEARMACRO
GBP,FUTURE,ClearMacro V3,GBR,CLEARMACRO
GBP,FUTURE,CPI,UKCONPRCF,DATASTREAM
GBP,FUTURE,CPI_YOY,UKRPCJYR Index,BBG
GBP,FUTURE,Current Account,EHCAGB INDEX,BBG
GBP,FUTURE,Equity Performance,UKX Index,BBG
GBP,FUTURE,FX XXXGBP,USDGBP CURNCY,BBG
GBP,FUTURE,GENERIC_TICKER,BP1_CURNCY,BBG
GBP,FUTURE,NO_ADJ,BP1 A:00_0_N? CURNCY,BBG
GBP,FUTURE,Return Period,66,BBG
GBP,FUTURE,RISK_TICKER,BP1 A:00_0_R? CURNCY,BBG
GBP,FUTURE,RISK_TICKER2,BP1 A:00_0_R? CURNCY,BBG
GBP,FUTURE,Spot,BP1 A:00_0_R? CURNCY,BBG
GBP,FUTURE,Terms of Trade,UKCTRM..F,DATASTREAM
GBP,FUTURE,TREND_PRICE,BP1 A:00_0_D? CURNCY,BBG
GBP,FUTURE,Unemployment Rate,EHUPUAY Index,BBG
GERMANY,FUTURE,ACTIVE_TICKER,GXA INDEX,BBG
GERMANY,FUTURE,ASR ERP,BDASERP,DATASTREAM
GERMANY,FUTURE,Carry,GX1 A:00_0_N? INDEX,BBG
GERMANY,FUTURE,Carry2,GX2 A:00_0_N? INDEX,BBG
GERMANY,FUTURE,ClearMacro,Germany,CLEARMACRO
GERMANY,FUTURE,FX XXXGBP,EURGBP CURNCY,BBG
GERMANY,FUTURE,FX XXXUSD,EURUSD CURNCY,BBG
GERMANY,FUTURE,GENERIC_TICKER,GX1_INDEX,BBG
GERMANY,FUTURE,MSCI Index,MXDE INDEX,BBG
GERMANY,FUTURE,NO_ADJ,GX1 A:00_0_N? INDEX,BBG
GERMANY,FUTURE,Return Period,252,BBG
GERMANY,FUTURE,RISK_TICKER,GX1 A:00_0_R? INDEX,BBG
GERMANY,FUTURE,RISK_TICKER2,GX1 A:00_0_R? INDEX,BBG
GERMANY,FUTURE,Spot,GX1 A:00_0_R? INDEX,BBG
GERMANY,FUTURE,TREND_PRICE,GX1 A:00_0_D? INDEX,BBG
GILT,FUTURE,10YYields,I02210Y INDEX,BBG
GILT,FUTURE,2YYields,I02202Y INDEX,BBG
GILT,FUTURE,ACTIVE_TICKER,G A COMDTY,BBG
GILT,FUTURE,Carry,I02203M INDEX,BBG
GILT,FUTURE,Carry2,I02209Y INDEX,BBG
GILT,FUTURE,Carry3,I02210Y INDEX,BBG
GILT,FUTURE,ClearMacro,UK,CLEARMACRO
GILT,FUTURE,Equity Performance,UKX Index,BBG
GILT,FUTURE,FX XXXGBP,USD CURNCY,BBG
GILT,FUTURE,GENERIC_TICKER,G_1_COMDTY,BBG
GILT,FUTURE,NO_ADJ,G 1 A:00_0_N? COMDTY,BBG
GILT,FUTURE,Return Period,252,BBG
GILT,FUTURE,RISK_TICKER,G 1 A:00_0_R? COMDTY,BBG
GILT,FUTURE,RISK_TICKER2,G 1 A:00_0_R? COMDTY,BBG
GILT,FUTURE,Spot,G 1 A:00_0_R? COMDTY,BBG
GILT,FUTURE,Terms of Trade,UKCTRM..F,DATASTREAM
GILT,FUTURE,TREND_PRICE,G 1 A:00_0_D? COMDTY,BBG
GOLD,FUTURE,ACTIVE_TICKER,GCA COMDTY,BBG
GOLD,FUTURE,Carry,GC1 A:00_0_N? COMDTY,BBG
GOLD,FUTURE,Carry2,GC2 A:00_0_N? COMDTY,BBG
GOLD,FUTURE,ClearMacro,Gold,CLEARMACRO
GOLD,FUTURE,GENERIC_TICKER,GC1_COMDTY,BBG
GOLD,FUTURE,NO_ADJ,GC1 A:00_0_N? COMDTY,BBG
GOLD,FUTURE,Return Period,252,BBG
GOLD,FUTURE,RISK_TICKER,GC1 A:00_0_R? COMDTY,BBG
GOLD,FUTURE,RISK_TICKER2,GC1 A:00_0_R? COMDTY,BBG
GOLD,FUTURE,Spot,GC1 A:00_0_R? COMDTY,BBG
GOLD,FUTURE,TREND_PRICE,GC1 A:00_0_D? COMDTY,BBG
HONG KONG,FUTURE,ACTIVE_TICKER,HIA INDEX,BBG
HONG KONG,FUTURE,ASR ERP,HKASERP,DATASTREAM
HONG KONG,FUTURE,Carry,HI1 A:00_0_N? INDEX,BBG
HONG KONG,FUTURE,Carry2,HI2 A:00_0_N? INDEX,BBG
HONG KONG,FUTURE,ClearMacro,Hong Kong,CLEARMACRO
HONG KONG,FUTURE,FX XXXGBP,HKDGBP CURNCY,BBG
HONG KONG,FUTURE,FX XXXUSD,HKDUSD CURNCY,BBG
HONG KONG,FUTURE,GENERIC_TICKER,HI1_INDEX,BBG
HONG KONG,FUTURE,MSCI Index,MXHK INDEX,BBG
HONG KONG,FUTURE,NO_ADJ,HI1 A:00_0_N? INDEX,BBG
HONG KONG,FUTURE,Return Period,252,BBG
HONG KONG,FUTURE,RISK_TICKER,HI1 A:00_0_R? INDEX,BBG
HONG KONG,FUTURE,RISK_TICKER2,HI1 A:00_0_R? INDEX,BBG
HONG KONG,FUTURE,Spot,HI1 A:00_0_R? INDEX,BBG
HONG KONG,FUTURE,TREND_PRICE,HI1 A:00_0_D? INDEX,BBG
HUF,FORWARD,10YYields,GHGB10YR Index,BBG
HUF,FORWARD,2M_FWD,HUF2M CMPN Curncy,BBG
HUF,FORWARD,2YYields,GHGB3YR Index,BBG
HUF,FORWARD,3M_FWD,HUF3M CMPN Curncy,BBG
HUF,FORWARD,3MYields,GHTB3M Index,BBG
HUF,FORWARD,ACTIVE_TICKER,USDHUFCR CURNCY,BBG
HUF,FORWARD,Carry,HUFI3M Curncy,BBG
HUF,FORWARD,Carry2,US0003M Curncy,BBG
HUF,FORWARD,Carry3,CEWSHUF Index,BBG
HUF,FORWARD,ClearMacro,Hungary,CLEARMACRO
HUF,FORWARD,CPI_YOY,HUCPIYY Index,BBG
HUF,FORWARD,Current Account,EHCAHU INDEX,BBG
HUF,FORWARD,Economic Surprises,CESIHUF Index,BBG
HUF,FORWARD,Equity Performance,BUX Index,BBG
HUF,FORWARD,FX XXXGBP,HUFGBP CURNCY,BBG
HUF,FORWARD,GBP_Spot,GBPHUF Curncy,BBG
HUF,FORWARD,GENERIC_TICKER,USDHUFCR_CURNCY,BBG
HUF,FORWARD,IMPVOL,USDHUFV3M Curncy,BBG
HUF,FORWARD,Inflation Surprises,CSIIHUF Index,BBG
HUF,FORWARD,NO_ADJ,USDHUF CURNCY,BBG
HUF,FORWARD,OECD CLI,OEHUKLAC Index,BBG
HUF,FORWARD,PPP,IPPPHUN Index,BBG
HUF,FORWARD,Return Period,252,BBG
HUF,FORWARD,RISK_TICKER,USDHUF CURNCY,BBG
HUF,FORWARD,RISK_TICKER2,HUFUSD CURNCY,BBG
HUF,FORWARD,Spot,USDHUF CURNCY,BBG
HUF,FORWARD,TREND_PRICE,USDHUF CURNCY,BBG
HUF,FORWARD,Unemployment Rate,EHUPHU Index,BBG
HUF,FORWARD,USD_Spot,USDHUF Curncy,BBG
IDR,FORWARD,10YYields,GIDN10YR Index,BBG
IDR,FORWARD,2M_FWD,IHN2M CMPN Curncy,BBG
IDR,FORWARD,2YYields,GIDN2YR Index,BBG
IDR,FORWARD,3M_FWD,IHN3M CMPN Curncy,BBG
IDR,FORWARD,3MYields,JIIN3M Index,BBG
IDR,FORWARD,ACTIVE_TICKER,USDIDRCR CURNCY,BBG
IDR,FORWARD,Carry,IHNI3M Curncy,BBG
IDR,FORWARD,Carry2,US0003M Curncy,BBG
IDR,FORWARD,Carry3,CEWSIDR Index,BBG
IDR,FORWARD,ClearMacro,Indonesia,CLEARMACRO
IDR,FORWARD,CPI_YOY,IDCPIY Index,BBG
IDR,FORWARD,Current Account,EHCAID INDEX,BBG
IDR,FORWARD,Economic Surprises,CESIIDR Index,BBG
IDR,FORWARD,Equity Performance,JCI Index,BBG
IDR,FORWARD,FX XXXGBP,IDRGBP CURNCY,BBG
IDR,FORWARD,GBP_Spot,GBPIDR Curncy,BBG
IDR,FORWARD,GENERIC_TICKER,USDIDRCR_CURNCY,BBG
IDR,FORWARD,IMPVOL,USDIDRV3M Curncy,BBG
IDR,FORWARD,Inflation Surprises,CSIIIDR Index,BBG
IDR,FORWARD,NO_ADJ,USDIDR CURNCY,BBG
IDR,FORWARD,OECD CLI,OEIDKLAC Index,BBG
IDR,FORWARD,PPP,IPPPIDN Index,BBG
IDR,FORWARD,Return Period,22,BBG
IDR,FORWARD,RISK_TICKER,USDIDR CURNCY,BBG
IDR,FORWARD,RISK_TICKER2,IDRUSD CURNCY,BBG
IDR,FORWARD,Spot,USDIDR CURNCY,BBG
IDR,FORWARD,TREND_PRICE,USDIDR CURNCY,BBG
IDR,FORWARD,Unemployment Rate,EHUPIDY Index,BBG
IDR,FORWARD,USD_Spot,USDIDR Curncy,BBG
ILS,FORWARD,10YYields,GTILS10Y Govt,BBG
ILS,FORWARD,2M_FWD,ILS2M Curncy,BBG
ILS,FORWARD,2YYields,GTILS2Y Govt,BBG
ILS,FORWARD,3M_FWD,ILS3M Curncy,BBG
ILS,FORWARD,3MYields,TELBOR03 Index,BBG
ILS,FORWARD,ACTIVE_TICKER,USDILSCR CURNCY,BBG
ILS,FORWARD,Carry,ILSI3M Curncy,BBG
ILS,FORWARD,Carry 12M,ILSI12M Curncy,BBG
ILS,FORWARD,Carry2,US0003M Curncy,BBG
ILS,FORWARD,Carry2 12M,US0012M Curncy,BBG
ILS,FORWARD,Carry3,CEWSILS Index,BBG
ILS,FORWARD,ClearMacro,Israel,CLEARMACRO
ILS,FORWARD,CPI_YOY,ISCPIYYN Index,BBG
ILS,FORWARD,Current Account,EHCAIL INDEX,BBG
ILS,FORWARD,Equity Performance,TA-35 Index,BBG
ILS,FORWARD,FX XXXGBP,ILSGBP CURNCY,BBG
ILS,FORWARD,GBP_Spot,GBPILS Curncy,BBG
ILS,FORWARD,GENERIC_TICKER,USDILSCR_CURNCY,BBG
ILS,FORWARD,IMPVOL,USDILSV3M Curncy,BBG
ILS,FORWARD,NO_ADJ,USDILS CURNCY,BBG
ILS,FORWARD,OECD CLI,OEILKLAF Index,BBG
ILS,FORWARD,PPP,IPPPISR Index,BBG
ILS,FORWARD,Return Period,22,BBG
ILS,FORWARD,RISK_TICKER,USDILS CURNCY,BBG
ILS,FORWARD,RISK_TICKER2,ILSUSD CURNCY,BBG
ILS,FORWARD,Spot,USDILS CURNCY,BBG
ILS,FORWARD,TREND_PRICE,USDILS CURNCY,BBG
ILS,FORWARD,Unemployment Rate,EHUPILY Index,BBG
ILS,FORWARD,USD_Spot,USDILS Curncy,BBG
INDIA,FUTURE,ACTIVE_TICKER,IHA INDEX,BBG
INDIA,FUTURE,ASR ERP,INASERP,DATASTREAM
INDIA,FUTURE,Carry,IH1 A:00_0_N? INDEX,BBG
INDIA,FUTURE,Carry2,IH2 A:00_0_N? INDEX,BBG
INDIA,FUTURE,ClearMacro,India,CLEARMACRO
INDIA,FUTURE,FX XXXGBP,USDGBP CURNCY,BBG
INDIA,FUTURE,FX XXXUSD,INRUSD CURNCY,BBG
INDIA,FUTURE,GENERIC_TICKER,IH1_INDEX,BBG
INDIA,FUTURE,MSCI Index,MXIN INDEX,BBG
INDIA,FUTURE,NO_ADJ,IH1 A:00_0_N? INDEX,BBG
INDIA,FUTURE,Return Period,252,BBG
INDIA,FUTURE,RISK_TICKER,IH1 A:00_0_R? INDEX,BBG
INDIA,FUTURE,RISK_TICKER2,IH1 A:00_0_R? INDEX,BBG
INDIA,FUTURE,Spot,IH1 A:00_0_R? INDEX,BBG
INDIA,FUTURE,TREND_PRICE,IH1 A:00_0_D? INDEX,BBG
INR,FORWARD,10YYields,GIND10YR Index,BBG
INR,FORWARD,2M_FWD,IRN2M CMPN Curncy,BBG
INR,FORWARD,2YYields,GIND2YR Index,BBG
INR,FORWARD,3M_FWD,IRN3M CMPN Curncy,BBG
INR,FORWARD,3MYields,IN003M Index,BBG
INR,FORWARD,ACTIVE_TICKER,USDINRCR CURNCY,BBG
INR,FORWARD,Carry,IRNI3M Curncy,BBG
INR,FORWARD,Carry 12M,IRNI12M CMPN Curncy,BBG
INR,FORWARD,Carry2,US0003M Curncy,BBG
INR,FORWARD,Carry2 12M,US0012M Curncy,BBG
INR,FORWARD,Carry3,CEWSINR Index,BBG
INR,FORWARD,ClearMacro,India,CLEARMACRO
INR,FORWARD,CPI_YOY,INFUTOTY Index,BBG
INR,FORWARD,Current Account,EHCAIN INDEX,BBG
INR,FORWARD,Economic Surprises,CESIINR Index,BBG
INR,FORWARD,Equity Performance,NIFTY Index,BBG
INR,FORWARD,FX XXXGBP,INRGBP CURNCY,BBG
INR,FORWARD,GBP_Spot,GBPINR Curncy,BBG
INR,FORWARD,GENERIC_TICKER,USDINRCR_CURNCY,BBG
INR,FORWARD,IMPVOL,USDINRV3M Curncy,BBG
INR,FORWARD,Inflation Surprises,CSIIINR Index,BBG
INR,FORWARD,NO_ADJ,USDINR CURNCY,BBG
INR,FORWARD,OECD CLI,OEINKLAC Index,BBG
INR,FORWARD,PPP,IPPPIND Index,BBG
INR,FORWARD,Return Period,22,BBG
INR,FORWARD,RISK_TICKER,USDINR CURNCY,BBG
INR,FORWARD,RISK_TICKER2,INRUSD CURNCY,BBG
INR,FORWARD,Spot,USDINR CURNCY,BBG
INR,FORWARD,TREND_PRICE,USDINR CURNCY,BBG
INR,FORWARD,Unemployment Rate,INUNCIA Index,BBG
INR,FORWARD,USD_Spot,USDINR Curncy,BBG
ITALY,FUTURE,ACTIVE_TICKER,STA INDEX,BBG
ITALY,FUTURE,ASR ERP,ITASERP,DATASTREAM
ITALY,FUTURE,Carry,ST1 A:00_0_N? INDEX,BBG
ITALY,FUTURE,Carry2,ST2 A:00_0_N? INDEX,BBG
ITALY,FUTURE,ClearMacro,Italy,CLEARMACRO
ITALY,FUTURE,FX XXXGBP,EURGBP CURNCY,BBG
ITALY,FUTURE,FX XXXUSD,EURUSD CURNCY,BBG
ITALY,FUTURE,GENERIC_TICKER,ST1_INDEX,BBG
ITALY,FUTURE,MSCI Index,MXIT INDEX,BBG
ITALY,FUTURE,NO_ADJ,ST1 A:00_0_N? INDEX,BBG
ITALY,FUTURE,Return Period,252,BBG
ITALY,FUTURE,RISK_TICKER,ST1 A:00_0_R? INDEX,BBG
ITALY,FUTURE,RISK_TICKER2,ST1 A:00_0_R? INDEX,BBG
ITALY,FUTURE,Spot,ST1 A:00_0_R? INDEX,BBG
ITALY,FUTURE,TREND_PRICE,ST1 A:00_0_D? INDEX,BBG
JAPAN,FUTURE,ACTIVE_TICKER,NKA INDEX,BBG
JAPAN,FUTURE,ASR ERP,JPASERP,DATASTREAM
JAPAN,FUTURE,Carry,NK1 A:00_0_N? INDEX,BBG
JAPAN,FUTURE,Carry2,NK2 A:00_0_N? INDEX,BBG
JAPAN,FUTURE,ClearMacro,Japan,CLEARMACRO
JAPAN,FUTURE,CPI,JPI64...F,DATASTREAM
JAPAN,FUTURE,FX XXXGBP,JPYGBP CURNCY,BBG
JAPAN,FUTURE,FX XXXUSD,JPYUSD CURNCY,BBG
JAPAN,FUTURE,GENERIC_TICKER,NK1_INDEX,BBG
JAPAN,FUTURE,MSCI Index,MXJP INDEX,BBG
JAPAN,FUTURE,NO_ADJ,NK1 A:00_0_N? INDEX,BBG
JAPAN,FUTURE,Return Period,252,BBG
JAPAN,FUTURE,RISK_TICKER,NK1 A:00_0_R? INDEX,BBG
JAPAN,FUTURE,RISK_TICKER2,NK1 A:00_0_R? INDEX,BBG
JAPAN,FUTURE,Spot,NK1 A:00_0_R? INDEX,BBG
JAPAN,FUTURE,TREND_PRICE,NK1 A:00_0_D? INDEX,BBG
JGB,FUTURE,ACTIVE_TICKER,JBA COMDTY,BBG
JGB,FUTURE,Carry,I01803M INDEX,BBG
JGB,FUTURE,Carry2,I01809Y INDEX,BBG
JGB,FUTURE,Carry3,I01810Y INDEX,BBG
JGB,FUTURE,ClearMacro,Japan,CLEARMACRO
JGB,FUTURE,Equity Performance,NKY Index,BBG
JGB,FUTURE,GENERIC_TICKER,JB1_COMDTY,BBG
JGB,FUTURE,NO_ADJ,JB1 A:00_0_N? COMDTY,BBG
JGB,FUTURE,Return Period,252,BBG
JGB,FUTURE,RISK_TICKER,JB1 A:00_0_R? COMDTY,BBG
JGB,FUTURE,RISK_TICKER2,JB1 A:00_0_R? COMDTY,BBG
JGB,FUTURE,Spot,JB1 A:00_0_R? COMDTY,BBG
JGB,FUTURE,TREND_PRICE,JB1 A:00_0_D? COMDTY,BBG
JPY,FORWARD,10YYields,GTJPY10YR Corp,BBG
JPY,FORWARD,2YYields,GTJPY2YR Corp,BBG
JPY,FORWARD,3MYields,GJTB3MO Index,BBG
JPY,FORWARD,Balance of Payments,G10:N158BBPG,HAVER
JPY,FORWARD,Carry,JPYI3M Curncy,BBG
JPY,FORWARD,Carry 12M,JPYI12M CURNCY,BBG
JPY,FORWARD,Carry2,US0003M Index,BBG
JPY,FORWARD,Carry2 12M,US0012M Curncy,BBG
JPY,FORWARD,ClearMacro,Japan,CLEARMACRO
JPY,FORWARD,ClearMacro V3,JPN,CLEARMACRO
JPY,FORWARD,CPI,JPI64...F,DATASTREAM
JPY,FORWARD,CPI_YOY,JNCPIYOY Index,BBG
JPY,FORWARD,Current Account,EHCAJP INDEX,BBG
JPY,FORWARD,Economic Surprises,CESIJPY Index,BBG
JPY,FORWARD,Equity Performance,NKY Index,BBG
JPY,FORWARD,Inflation Surprises,CSIIJPY Index,BBG
JPY,FORWARD,Long term rate,JPGBOND.,DATASTREAM
JPY,FORWARD,OECD CLI,OEJPKLAC Index,BBG
JPY,FORWARD,PPP,PPP JN Index,BBG
JPY,FORWARD,Return Period,66,BBG
JPY,FORWARD,RISK_TICKER,USDJPY CURNCY,BBG
JPY,FORWARD,RISK_TICKER2,JPYUSD CURNCY,BBG
JPY,FORWARD,Short term rate,JPMSHORT,DATASTREAM
JPY,FORWARD,Spot,USDJPY Curncy,BBG
JPY,FORWARD,Terms of Trade,JPTOTPRCF,DATASTREAM
JPY,FORWARD,Unemployment Rate,JNUNRT Index,BBG
JPY,FUTURE,ACTIVE_TICKER,JYA CURNCY,BBG
JPY,FUTURE,Carry,JPYUSD CURNCY,BBG
JPY,FUTURE,Carry2,JPY1M CURNCY,BBG
JPY,FUTURE,ClearMacro,Japan,CLEARMACRO
JPY,FUTURE,ClearMacro V3,JPN,CLEARMACRO
JPY,FUTURE,CPI,JPI64...F,DATASTREAM
JPY,FUTURE,CPI_YOY,JNCPIYOY Index,BBG
JPY,FUTURE,Current Account,EHCAJP INDEX,BBG
JPY,FUTURE,Equity Performance,NKY Index,BBG
JPY,FUTURE,FX XXXGBP,USDGBP CURNCY,BBG
JPY,FUTURE,GENERIC_TICKER,JY1_CURNCY,BBG
JPY,FUTURE,NO_ADJ,JY1 A:00_0_N? CURNCY,BBG
JPY,FUTURE,Return Period,66,BBG
JPY,FUTURE,RISK_TICKER,JY1 A:00_0_R? CURNCY,BBG
JPY,FUTURE,RISK_TICKER2,JY1 A:00_0_R? CURNCY,BBG
JPY,FUTURE,Spot,JY1 A:00_0_R? CURNCY,BBG
JPY,FUTURE,Terms of Trade,JPTOTPRCF,DATASTREAM
JPY,FUTURE,TREND_PRICE,JY1 A:00_0_D? CURNCY,BBG
JPY,FUTURE,Unemployment Rate,JNUNRT Index,BBG
KOREA,FUTURE,ACTIVE_TICKER,KMA INDEX,BBG
KOREA,FUTURE,ASR ERP,KOASERP,DATASTREAM
KOREA,FUTURE,Carry,KM1 A:00_0_N? INDEX,BBG
KOREA,FUTURE,Carry2,KM2 A:00_0_N? INDEX,BBG
KOREA,FUTURE,ClearMacro,S. Korea,CLEARMACRO
KOREA,FUTURE,FX XXXGBP,KRWGBP CURNCY,BBG
KOREA,FUTURE,FX XXXUSD,KRWUSD CURNCY,BBG
KOREA,FUTURE,GENERIC_TICKER,KM1_INDEX,BBG
KOREA,FUTURE,MSCI Index,MXKR INDEX,BBG
KOREA,FUTURE,NO_ADJ,KM1 A:00_0_N? INDEX,BBG
KOREA,FUTURE,Return Period,252,BBG
KOREA,FUTURE,RISK_TICKER,KM1 A:00_0_R? INDEX,BBG
KOREA,FUTURE,RISK_TICKER2,KM1 A:00_0_R? INDEX,BBG
KOREA,FUTURE,Spot,KM1 A:00_0_R? INDEX,BBG
KOREA,FUTURE,TREND_PRICE,KM1 A:00_0_D? INDEX,BBG
KRW,FORWARD,10YYields,GVSK10YR Index,BBG
KRW,FORWARD,2M_FWD,KWN2M Curncy,BBG
KRW,FORWARD,2YYields,GVSK2YR Index,BBG
KRW,FORWARD,3M_FWD,KWN3M Curncy,BBG
KRW,FORWARD,3MYields,KRBO3M Index,BBG
KRW,FORWARD,ACTIVE_TICKER,USDKRWCR CURNCY,BBG
KRW,FORWARD,Carry,KWNI3M Curncy,BBG
KRW,FORWARD,Carry 12M,KWNI12M CURNCY,BBG
KRW,FORWARD,Carry2,US0003M Curncy,BBG
KRW,FORWARD,Carry2 12M,US0012M Curncy,BBG
KRW,FORWARD,Carry3,CEWSKRW Index,BBG
KRW,FORWARD,ClearMacro,S. Korea,CLEARMACRO
KRW,FORWARD,CPI_YOY,KOCPIYOY Index,BBG
KRW,FORWARD,Current Account,EHCAKR INDEX,BBG
KRW,FORWARD,Economic Surprises,CESIKRW Index,BBG
KRW,FORWARD,Equity Performance,KOSPI Index,BBG
KRW,FORWARD,FX XXXGBP,KRWGBP CURNCY,BBG
KRW,FORWARD,GBP_Spot,GBPKRW Curncy,BBG
KRW,FORWARD,GENERIC_TICKER,USDKRWCR CURNCY,BBG
KRW,FORWARD,IMPVOL,USDKRWV3M Curncy,BBG
KRW,FORWARD,Inflation Surprises,CSIIKRW Index,BBG
KRW,FORWARD,NO_ADJ,USDKRW CURNCY,BBG
KRW,FORWARD,OECD CLI,OEKRKLAC Index,BBG
KRW,FORWARD,PPP,IPPPKOR Index,BBG
KRW,FORWARD,Return Period,22,BBG
KRW,FORWARD,RISK_TICKER,USDKRW CURNCY,BBG
KRW,FORWARD,RISK_TICKER2,KRWUSD CURNCY,BBG
KRW,FORWARD,Spot,USDKRW CURNCY,BBG
KRW,FORWARD,TREND_PRICE,USDKRW CURNCY,BBG
KRW,FORWARD,Unemployment Rate,EHUPKRY Index,BBG
KRW,FORWARD,USD_Spot,USDKRW Curncy,BBG
LIBOR 3M,INTEREST RATE,Equity Performance,SPX Index,BBG
LIBOR 3M,INTEREST RATE,RISK_TICKER,US0003M Index,BBG
LIBOR 3M,INTEREST RATE,RISK_TICKER2,US0003M Index,BBG
MEXICO,FUTURE,ACTIVE_TICKER,ISA INDEX,BBG
MEXICO,FUTURE,Carry,IS1 A:00_0_N? INDEX,BBG
MEXICO,FUTURE,Carry2,IS2 A:00_0_N? INDEX,BBG
MEXICO,FUTURE,ClearMacro,Mexico,CLEARMACRO
MEXICO,FUTURE,GENERIC_TICKER,IS1_INDEX,BBG
MEXICO,FUTURE,NO_ADJ,IS1 A:00_0_N? INDEX,BBG
MEXICO,FUTURE,Return Period,252,BBG
MEXICO,FUTURE,RISK_TICKER,IS1 A:00_0_R? INDEX,BBG
MEXICO,FUTURE,RISK_TICKER2,IS1 A:00_0_R? INDEX,BBG
MEXICO,FUTURE,Spot,IS1 A:00_0_R? INDEX,BBG
MEXICO,FUTURE,TREND_PRICE,IS1 A:00_0_D? INDEX,BBG
MSCI EM,FUTURE,ACTIVE_TICKER,MESA INDEX,BBG
MSCI EM,FUTURE,Carry,MES1 A:00_0_N? INDEX,BBG
MSCI EM,FUTURE,Carry2,MES2 A:00_0_N? INDEX,BBG
MSCI EM,FUTURE,ClearMacro,Emerging Markets,CLEARMACRO
MSCI EM,FUTURE,GENERIC_TICKER,MES1_INDEX,BBG
MSCI EM,FUTURE,NO_ADJ,MES1 A:00_0_N? INDEX,BBG
MSCI EM,FUTURE,Return Period,252,BBG
MSCI EM,FUTURE,RISK_TICKER,MES1 A:00_0_R? INDEX,BBG
MSCI EM,FUTURE,RISK_TICKER2,MES1 A:00_0_R? INDEX,BBG
MSCI EM,FUTURE,Spot,MES1 A:00_0_R? INDEX,BBG
MSCI EM,FUTURE,TREND_PRICE,MES1 A:00_0_D? INDEX,BBG
MXN,FORWARD,10YYields,GMXN10YR Index,BBG
MXN,FORWARD,2M_FWD,MXN2M CMPN Curncy,BBG
MXN,FORWARD,2YYields,GMXN02YR Index,BBG
MXN,FORWARD,3M_FWD,MXN3M CMPN Curncy,BBG
MXN,FORWARD,3MYields,MPTBC CMPN Curncy,BBG
MXN,FORWARD,ACTIVE_TICKER,USDMXNCR CURNCY,BBG
MXN,FORWARD,Carry,MXNI3M Curncy,BBG
MXN,FORWARD,Carry 12M,MPI12M CMPN Curncy,BBG
MXN,FORWARD,Carry2,US0003M Curncy,BBG
MXN,FORWARD,Carry2 12M,US0012M Curncy,BBG
MXN,FORWARD,Carry3,CEWSMXN Index,BBG
MXN,FORWARD,ClearMacro,Mexico,CLEARMACRO
MXN,FORWARD,CPI_YOY,MXCPYOY Index,BBG
MXN,FORWARD,Current Account,EHCAMX INDEX,BBG
MXN,FORWARD,Economic Surprises,CESIMXN Index,BBG
MXN,FORWARD,Equity Performance,MEXBOL Index,BBG
MXN,FORWARD,FX XXXGBP,MXNGBP CURNCY,BBG
MXN,FORWARD,GBP_Spot,GBPMXN Curncy,BBG
MXN,FORWARD,GENERIC_TICKER,USDMXNCR_CURNCY,BBG
MXN,FORWARD,IMPVOL,USDMXNV3M Curncy,BBG
MXN,FORWARD,Inflation Surprises,CSIIMXN Index,BBG
MXN,FORWARD,NO_ADJ,USDMXN CURNCY,BBG
MXN,FORWARD,OECD CLI,OEMXKLAC Index,BBG
MXN,FORWARD,PPP,IPPPMEX Index,BBG
MXN,FORWARD,Return Period,22,BBG
MXN,FORWARD,RISK_TICKER,USDMXN CURNCY,BBG
MXN,FORWARD,RISK_TICKER2,MXNUSD CURNCY,BBG
MXN,FORWARD,Spot,USDMXN CURNCY,BBG
MXN,FORWARD,TREND_PRICE,USDMXN CURNCY,BBG
MXN,FORWARD,Unemployment Rate,EHUPMXY Index,BBG
MXN,FORWARD,USD_Spot,USDMXN Curncy,BBG
MYR,FORWARD,10YYields,MGIY10Y Index,BBG
MYR,FORWARD,2M_FWD,MRN2M CMPN Curncy,BBG
MYR,FORWARD,2YYields,MGIY2Y Index,BBG
MYR,FORWARD,3M_FWD,MRN3M CMPN Curncy,BBG
MYR,FORWARD,3MYields,KLIB3M Index,BBG
MYR,FORWARD,ACTIVE_TICKER,USDMYR CURNCY,BBG
MYR,FORWARD,Carry,MRNI3M Curncy,BBG
MYR,FORWARD,Carry2,US0003M Curncy,BBG
MYR,FORWARD,Carry3,CEWSMYR Index,BBG
MYR,FORWARD,ClearMacro,Malaysia,CLEARMACRO
MYR,FORWARD,CPI_YOY,MACPIYOY Index,BBG
MYR,FORWARD,Current Account,EHCAMY INDEX,BBG
MYR,FORWARD,Economic Surprises,CESIMYR Index,BBG
MYR,FORWARD,Equity Performance,FBMKLCI Index,BBG
MYR,FORWARD,FX XXXGBP,MYRGBP CURNCY,BBG
MYR,FORWARD,GBP_Spot,GBPMYR Curncy,BBG
MYR,FORWARD,GENERIC_TICKER,USDMYR_CURNCY,BBG
MYR,FORWARD,IMPVOL,USDMYRV3M Curncy,BBG
MYR,FORWARD,Inflation Surprises,CSIIMYR Index,BBG
MYR,FORWARD,NO_ADJ,USDMYR CURNCY,BBG
MYR,FORWARD,PPP,IPPPMYS Index,BBG
MYR,FORWARD,Return Period,22,BBG
MYR,FORWARD,RISK_TICKER,USDMYR CURNCY,BBG
MYR,FORWARD,RISK_TICKER2,MYRUSD CURNCY,BBG
MYR,FORWARD,Spot,USDMYR CURNCY,BBG
MYR,FORWARD,TREND_PRICE,USDMYR CURNCY,BBG
MYR,FORWARD,Unemployment Rate,MAEPMUN% Index,BBG
MYR,FORWARD,USD_Spot,USDMYR Curncy,BBG
NASDAQ,FUTURE,ACTIVE_TICKER,NQA INDEX,BBG
NASDAQ,FUTURE,Carry,NQ1 A:00_0_N? INDEX,BBG
NASDAQ,FUTURE,Carry2,NQ2 A:00_0_N? INDEX,BBG
NASDAQ,FUTURE,ClearMacro,US Information Technology,CLEARMACRO
NASDAQ,FUTURE,FX XXXGBP,USDGBP CURNCY,BBG
NASDAQ,FUTURE,GENERIC_TICKER,NQ1_INDEX,BBG
NASDAQ,FUTURE,NO_ADJ,NQ1 A:00_0_N? INDEX,BBG
NASDAQ,FUTURE,Return Period,252,BBG
NASDAQ,FUTURE,RISK_TICKER,NQ1 A:00_0_R? INDEX,BBG
NASDAQ,FUTURE,RISK_TICKER2,NQ1 A:00_0_R? INDEX,BBG
NASDAQ,FUTURE,Spot,NQ1 A:00_0_R? INDEX,BBG
NASDAQ,FUTURE,TREND_PRICE,NQ1 A:00_0_D? INDEX,BBG
NATURAL GAS,FUTURE,ACTIVE_TICKER,NGA COMDTY,BBG
NATURAL GAS,FUTURE,Carry,NG1 A:00_0_N? COMDTY,BBG
NATURAL GAS,FUTURE,Carry2,NG2 A:00_0_N? COMDTY,BBG
NATURAL GAS,FUTURE,ClearMacro,Natural Gas,CLEARMACRO
NATURAL GAS,FUTURE,FX XXXGBP,USDGBP CURNCY,BBG
NATURAL GAS,FUTURE,GENERIC_TICKER,NG1_COMDTY,BBG
NATURAL GAS,FUTURE,NO_ADJ,NG1 A:00_0_N? COMDTY,BBG
NATURAL GAS,FUTURE,Return Period,252,BBG
NATURAL GAS,FUTURE,RISK_TICKER,NG1 A:00_0_R? COMDTY,BBG
NATURAL GAS,FUTURE,RISK_TICKER2,NG1 A:00_0_R? COMDTY,BBG
NATURAL GAS,FUTURE,Spot,NG1 A:00_0_R? COMDTY,BBG
NATURAL GAS,FUTURE,TREND_PRICE,NG1 A:00_0_D? COMDTY,BBG
NETHERLANDS,FUTURE,ACTIVE_TICKER,EOA INDEX,BBG
NETHERLANDS,FUTURE,ASR ERP,NLASERP,DATASTREAM
NETHERLANDS,FUTURE,Carry,EO1 A:00_0_N? INDEX,BBG
NETHERLANDS,FUTURE,Carry2,EO2 A:00_0_N? INDEX,BBG
NETHERLANDS,FUTURE,ClearMacro,Netherlands,CLEARMACRO
NETHERLANDS,FUTURE,FX XXXGBP,EURGBP CURNCY,BBG
NETHERLANDS,FUTURE,FX XXXUSD,EURUSD CURNCY,BBG
NETHERLANDS,FUTURE,GENERIC_TICKER,EO1_INDEX,BBG
NETHERLANDS,FUTURE,MSCI Index,MXNL INDEX,BBG
NETHERLANDS,FUTURE,NO_ADJ,EO1 A:00_0_N? INDEX,BBG
NETHERLANDS,FUTURE,Return Period,252,BBG
NETHERLANDS,FUTURE,RISK_TICKER,EO1 A:00_0_R? INDEX,BBG
NETHERLANDS,FUTURE,RISK_TICKER2,EO1 A:00_0_R? INDEX,BBG
NETHERLANDS,FUTURE,Spot,EO1 A:00_0_R? INDEX,BBG
NETHERLANDS,FUTURE,TREND_PRICE,EO1 A:00_0_D? INDEX,BBG
NOK,FORWARD,10YYields,GTNOK10YR Corp,BBG
NOK,FORWARD,2YYields,GTNOK3YR Corp,BBG
NOK,FORWARD,3MYields,GNGT3M Index,BBG
NOK,FORWARD,ACTIVE_TICKER,USDNOK CURNCY,BBG
NOK,FORWARD,Balance of Payments,G10:N142BBPG,HAVER
NOK,FORWARD,Carry,NOKI3M Curncy,BBG
NOK,FORWARD,Carry 12M,NOKI12M CURNCY,BBG
NOK,FORWARD,Carry2,US0003M Index,BBG
NOK,FORWARD,Carry2 12M,US0012M Curncy,BBG
NOK,FORWARD,ClearMacro,Norway,CLEARMACRO
NOK,FORWARD,CPI,NWI64...F,DATASTREAM
NOK,FORWARD,CPI_YOY,NOCPIYOY Index,BBG
NOK,FORWARD,Current Account,EHCANO INDEX,BBG
NOK,FORWARD,Economic Surprises,CESINOK Index,BBG
NOK,FORWARD,Equity Performance,OBX Index,BBG
NOK,FORWARD,GENERIC_TICKER,USDNOK_CURNCY,BBG
NOK,FORWARD,Inflation Surprises,CSIINOK Index,BBG
NOK,FORWARD,Long term rate,TRNW10T,DATASTREAM
NOK,FORWARD,NO_ADJ,USDNOK CURNCY,BBG
NOK,FORWARD,OECD CLI,OENOKLAC Index,BBG
NOK,FORWARD,PPP,PPP NO Index,BBG
NOK,FORWARD,Return Period,252,BBG
NOK,FORWARD,RISK_TICKER,USDNOK CURNCY,BBG
NOK,FORWARD,RISK_TICKER2,NOKUSD CURNCY,BBG
NOK,FORWARD,Short term rate,NWINTER3,DATASTREAM
NOK,FORWARD,Spot,USDNOK Curncy,BBG
NOK,FORWARD,Terms of Trade,NWTOTPRCF,DATASTREAM
NOK,FORWARD,TREND_PRICE,USDNOK CURNCY,BBG
NOK,FORWARD,Unemployment Rate,EHUPNOY Index,BBG
NZD,FORWARD,10YYields,GTNZD10YR Corp,BBG
NZD,FORWARD,2YYields,GTNZD2YR Corp,BBG
NZD,FORWARD,3MYields,NZB 3MAY Index,BBG
NZD,FORWARD,Balance of Payments,G10:N196BBPG,HAVER
NZD,FORWARD,Carry,NZDI3M Curncy,BBG
NZD,FORWARD,Carry 12M,NZDI12M CURNCY,BBG
NZD,FORWARD,Carry2,US0003M Index,BBG
NZD,FORWARD,Carry2 12M,US0012M Curncy,BBG
NZD,FORWARD,ClearMacro,New Zealand,CLEARMACRO
NZD,FORWARD,CPI,NZCCPI..F,DATASTREAM
NZD,FORWARD,CPI_YOY,NZCPIYOY Index,BBG
NZD,FORWARD,Current Account,EHCANZ INDEX,BBG
NZD,FORWARD,Economic Surprises,CESINZD Index,BBG
NZD,FORWARD,Equity Performance,NZSE50FG Index,BBG
NZD,FORWARD,Inflation Surprises,CSIINZD Index,BBG
NZD,FORWARD,Long term rate,NZGBOND.,DATASTREAM
NZD,FORWARD,OECD CLI,OENZKLAC Index,BBG
NZD,FORWARD,PPP,PPP NZ Index,BBG
NZD,FORWARD,Return Period,66,BBG
NZD,FORWARD,RISK_TICKER,USDNZD CURNCY,BBG
NZD,FORWARD,RISK_TICKER2,NZDUSD CURNCY,BBG
NZD,FORWARD,Short term rate,NZOIR072R,DATASTREAM
NZD,FORWARD,Spot,USDNZD Curncy,BBG
NZD,FORWARD,Terms of Trade,NZTOTPRCF,DATASTREAM
NZD,FORWARD,Unemployment Rate,EHUPNZY Index,BBG
NZD,FUTURE,ACTIVE_TICKER,NVA CURNCY,BBG
NZD,FUTURE,Carry,NZDUSD CURNCY,BBG
NZD,FUTURE,Carry2,NZD1M CURNCY,BBG
NZD,FUTURE,ClearMacro,New Zealand,CLEARMACRO
NZD,FUTURE,CPI,NZCCPI..F,DATASTREAM
NZD,FUTURE,CPI_YOY,NZCPIYOY Index,BBG
NZD,FUTURE,Current Account,EHCANZ INDEX,BBG
NZD,FUTURE,Equity Performance,NZSE50FG Index,BBG
NZD,FUTURE,FX XXXGBP,USDGBP CURNCY,BBG
NZD,FUTURE,GENERIC_TICKER,NV1_CURNCY,BBG
NZD,FUTURE,NO_ADJ,NV1 A:00_0_N? CURNCY,BBG
NZD,FUTURE,Return Period,66,BBG
NZD,FUTURE,RISK_TICKER,NV1 A:00_0_R? CURNCY,BBG
NZD,FUTURE,RISK_TICKER2,NV1 A:00_0_R? CURNCY,BBG
NZD,FUTURE,Spot,NV1 A:00_0_R? CURNCY,BBG
NZD,FUTURE,Terms of Trade,NZTOTPRCF,DATASTREAM
NZD,FUTURE,TREND_PRICE,NV1 A:00_0_D? CURNCY,BBG
NZD,FUTURE,Unemployment Rate,EHUPNZY Index,BBG
OAT,FUTURE,ACTIVE_TICKER,OATA COMDTY,BBG
OAT,FUTURE,Carry,I01403M INDEX,BBG
OAT,FUTURE,Carry2,I01409Y INDEX,BBG
OAT,FUTURE,Carry3,I01410Y INDEX,BBG
OAT,FUTURE,ClearMacro,France,CLEARMACRO
OAT,FUTURE,Equity Performance,CAC Index,BBG
OAT,FUTURE,FX XXXGBP,EURGBP CURNCY,BBG
OAT,FUTURE,GENERIC_TICKER,OAT1_COMDTY,BBG
OAT,FUTURE,NO_ADJ,OAT1 A:00_0_N? COMDTY,BBG
OAT,FUTURE,Return Period,252,BBG
OAT,FUTURE,RISK_TICKER,OAT1 A:00_0_R? COMDTY,BBG
OAT,FUTURE,RISK_TICKER2,OAT1 A:00_0_R? COMDTY,BBG
OAT,FUTURE,Spot,OAT1 A:00_0_R? COMDTY,BBG
OAT,FUTURE,TREND_PRICE,OAT1 A:00_0_D? COMDTY,BBG
PHP,FORWARD,10YYields,PPSWO10 CMPN CURNCY,BBG
PHP,FORWARD,2M_FWD,PPN2M CMPN Curncy,BBG
PHP,FORWARD,2YYields,PPSWO2 CMPN CURNCY,BBG
PHP,FORWARD,3M_FWD,PPN3M CMPN Curncy,BBG
PHP,FORWARD,3MYields,PH91AVG Index,BBG
PHP,FORWARD,ACTIVE_TICKER,USDPHPCR CURNCY,BBG
PHP,FORWARD,Carry,PPNI3M Curncy,BBG
PHP,FORWARD,Carry2,US0003M Curncy,BBG
PHP,FORWARD,Carry3,CEWSPHP Index,BBG
PHP,FORWARD,ClearMacro,Philippines,CLEARMACRO
PHP,FORWARD,CPI_YOY,PHC2II Index,BBG
PHP,FORWARD,Current Account,EHCAPH INDEX,BBG
PHP,FORWARD,Economic Surprises,CESIPHP Index,BBG
PHP,FORWARD,Equity Performance,PCOMP Index,BBG
PHP,FORWARD,FX XXXGBP,PHPGBP CURNCY,BBG
PHP,FORWARD,GBP_Spot,GBPPHP Curncy,BBG
PHP,FORWARD,GENERIC_TICKER,USDPHPCR_CURNCY,BBG
PHP,FORWARD,IMPVOL,USDPHPV3M Curncy,BBG
PHP,FORWARD,Inflation Surprises,CSIIPHP Index,BBG
PHP,FORWARD,NO_ADJ,USDPHP CURNCY,BBG
PHP,FORWARD,PPP,IPPPPHL Index,BBG
PHP,FORWARD,Return Period,22,BBG
PHP,FORWARD,RISK_TICKER,USDPHP CURNCY,BBG
PHP,FORWARD,RISK_TICKER2,PHPUSD CURNCY,BBG
PHP,FORWARD,Spot,USDPHP CURNCY,BBG
PHP,FORWARD,TREND_PRICE,USDPHP CURNCY,BBG
PHP,FORWARD,Unemployment Rate,EHUPPH Index,BBG
PHP,FORWARD,USD_Spot,USDPHP Curncy,BBG
PLATINUM,FUTURE,ACTIVE_TICKER,PLA COMDTY,BBG
PLATINUM,FUTURE,Carry,PL1 A:00_0_N? COMDTY,BBG
PLATINUM,FUTURE,Carry2,PL2 A:00_0_N? COMDTY,BBG
PLATINUM,FUTURE,ClearMacro,Platinum,CLEARMACRO
PLATINUM,FUTURE,GENERIC_TICKER,PL1_COMDTY,BBG
PLATINUM,FUTURE,NO_ADJ,PL1 A:00_0_N? COMDTY,BBG
PLATINUM,FUTURE,Return Period,252,BBG
PLATINUM,FUTURE,RISK_TICKER,PL1 A:00_0_R? COMDTY,BBG
PLATINUM,FUTURE,RISK_TICKER2,PL1 A:00_0_R? COMDTY,BBG
PLATINUM,FUTURE,Spot,PL1 A:00_0_R? COMDTY,BBG
PLATINUM,FUTURE,TREND_PRICE,PL1 A:00_0_D? COMDTY,BBG
PLN,FORWARD,10YYields,POGB10YR Index,BBG
PLN,FORWARD,2M_FWD,PLN2M CMPN Curncy,BBG
PLN,FORWARD,2YYields,POGB2YR Index,BBG
PLN,FORWARD,3M_FWD,PLN3M CMPN Curncy,BBG
PLN,FORWARD,3MYields,PZDRC Curncy,BBG
PLN,FORWARD,ACTIVE_TICKER,USDPLNCR CURNCY,BBG
PLN,FORWARD,Carry,PLNI3M Curncy,BBG
PLN,FORWARD,Carry 12M,PZI12M CMPN Curncy,BBG
PLN,FORWARD,Carry2,US0003M Curncy,BBG
PLN,FORWARD,Carry2 12M,US0012M Curncy,BBG
PLN,FORWARD,Carry3,CEWSPLN Index,BBG
PLN,FORWARD,ClearMacro,Poland,CLEARMACRO
PLN,FORWARD,CPI_YOY,POCPIYOY Index,BBG
PLN,FORWARD,Current Account,EHCAPL INDEX,BBG
PLN,FORWARD,Economic Surprises,CESIPLN Index,BBG
PLN,FORWARD,Equity Performance,WIG20 Index,BBG
PLN,FORWARD,FX XXXGBP,PLNGBP CURNCY,BBG
PLN,FORWARD,GBP_Spot,GBPPLN Curncy,BBG
PLN,FORWARD,GENERIC_TICKER,USDPLNCR_CURNCY,BBG
PLN,FORWARD,IMPVOL,USDPLNV3M Curncy,BBG
PLN,FORWARD,Inflation Surprises,CSIIPLN Index,BBG
PLN,FORWARD,NO_ADJ,USDPLN CURNCY,BBG
PLN,FORWARD,OECD CLI,OEPLKLAC Index,BBG
PLN,FORWARD,PPP,IPPPPOL Index,BBG
PLN,FORWARD,Return Period,252,BBG
PLN,FORWARD,RISK_TICKER,USDPLN CURNCY,BBG
PLN,FORWARD,RISK_TICKER2,PLNUSD CURNCY,BBG
PLN,FORWARD,Spot,USDPLN CURNCY,BBG
PLN,FORWARD,TREND_PRICE,USDPLN CURNCY,BBG
PLN,FORWARD,Unemployment Rate,EHUPPL Index,BBG
PLN,FORWARD,USD_Spot,USDPLN Curncy,BBG
RON,FORWARD,10YYields,ROMGGR10 Index,BBG
RON,FORWARD,2M_FWD,RON2M CMPN Curncy,BBG
RON,FORWARD,2YYields,ROMGGR02 Index,BBG
RON,FORWARD,3M_FWD,RON3M CMPN Curncy,BBG
RON,FORWARD,3MYields,BUBR3M Index,BBG
RON,FORWARD,ACTIVE_TICKER,USDRON CURNCY,BBG
RON,FORWARD,Carry,RONI3M Curncy,BBG
RON,FORWARD,Carry2,US0003M Curncy,BBG
RON,FORWARD,Carry3,CEWSRON Index,BBG
RON,FORWARD,ClearMacro,Romania,CLEARMACRO
RON,FORWARD,Current Account,EHCARO INDEX,BBG
RON,FORWARD,Equity Performance,BET Index,BBG
RON,FORWARD,FX XXXGBP,RONGBP CURNCY,BBG
RON,FORWARD,GBP_Spot,GBPRON Curncy,BBG
RON,FORWARD,GENERIC_TICKER,USDRON_CURNCY,BBG
RON,FORWARD,IMPVOL,USDRONV3M Curncy,BBG
RON,FORWARD,NO_ADJ,USDRON CURNCY,BBG
RON,FORWARD,PPP,IPPPROU Index,BBG
RON,FORWARD,Return Period,252,BBG
RON,FORWARD,RISK_TICKER,USDRON CURNCY,BBG
RON,FORWARD,RISK_TICKER2,RONUSD CURNCY,BBG
RON,FORWARD,Spot,USDRON CURNCY,BBG
RON,FORWARD,TREND_PRICE,USDRON CURNCY,BBG
RON,FORWARD,Unemployment Rate,EHUPRO Index,BBG
RON,FORWARD,USD_Spot,USDRON Curncy,BBG
RUB,FORWARD,10YYields,GTRUB10Y Govt,BBG
RUB,FORWARD,2M_FWD,RUB2M CMPN Curncy,BBG
RUB,FORWARD,2YYields,GTRUB2Y Govt,BBG
RUB,FORWARD,3M_FWD,RUB3M CMPN Curncy,BBG
RUB,FORWARD,3MYields,MICXRU3M Index,BBG
RUB,FORWARD,ACTIVE_TICKER,USDRUBCR CURNCY,BBG
RUB,FORWARD,Carry,RUBI3M Curncy,BBG
RUB,FORWARD,Carry2,US0003M Curncy,BBG
RUB,FORWARD,Carry3,CEWSRUB Index,BBG
RUB,FORWARD,ClearMacro,Russia,CLEARMACRO
RUB,FORWARD,CPI_YOY,RUCPIYOY Index,BBG
RUB,FORWARD,Current Account,EHCARU INDEX,BBG
RUB,FORWARD,Economic Surprises,CESIRUB Index,BBG
RUB,FORWARD,Equity Performance,IMOEX Index,BBG
RUB,FORWARD,FX XXXGBP,RUBGBP CURNCY,BBG
RUB,FORWARD,GBP_Spot,GBPRUB Curncy,BBG
RUB,FORWARD,GENERIC_TICKER,USDRUBCR_CURNCY,BBG
RUB,FORWARD,IMPVOL,USDRUBV3M Curncy,BBG
RUB,FORWARD,Inflation Surprises,CSIIRUB Index,BBG
RUB,FORWARD,NO_ADJ,USDRUB CURNCY,BBG
RUB,FORWARD,OECD CLI,OERUKLAC Index,BBG
RUB,FORWARD,PPP,IPPPRUS Index,BBG
RUB,FORWARD,Return Period,22,BBG
RUB,FORWARD,RISK_TICKER,USDRUB CURNCY,BBG
RUB,FORWARD,RISK_TICKER2,RUBUSD CURNCY,BBG
RUB,FORWARD,Spot,USDRUB CURNCY,BBG
RUB,FORWARD,TREND_PRICE,USDRUB CURNCY,BBG
RUB,FORWARD,Unemployment Rate,EHUPRU Index,BBG
RUB,FORWARD,USD_Spot,USDRUB Curncy,BBG
RUSSELL,FUTURE,ACTIVE_TICKER,RTYA INDEX,BBG
RUSSELL,FUTURE,Carry,RTY1 A:00_0_N? INDEX,BBG
RUSSELL,FUTURE,Carry2,RTY2 A:00_0_N? INDEX,BBG
RUSSELL,FUTURE,ClearMacro,US,CLEARMACRO
RUSSELL,FUTURE,GENERIC_TICKER,RTY1_INDEX,BBG
RUSSELL,FUTURE,NO_ADJ,RTY1 A:00_0_N? INDEX,BBG
RUSSELL,FUTURE,Return Period,252,BBG
RUSSELL,FUTURE,RISK_TICKER,RTY1 A:00_0_R? INDEX,BBG
RUSSELL,FUTURE,RISK_TICKER2,RTY1 A:00_0_R? INDEX,BBG
RUSSELL,FUTURE,Spot,RTY1 A:00_0_R? INDEX,BBG
RUSSELL,FUTURE,TREND_PRICE,RTY1 A:00_0_D? INDEX,BBG
SCHATZ,FUTURE,ACTIVE_TICKER,DUA COMDTY,BBG
SCHATZ,FUTURE,Carry,I01603M INDEX,BBG
SCHATZ,FUTURE,Carry2,I01609Y INDEX,BBG
SCHATZ,FUTURE,Carry3,I01610Y INDEX,BBG
SCHATZ,FUTURE,ClearMacro,Germany,CLEARMACRO
SCHATZ,FUTURE,Equity Performance,DAX Index,BBG
SCHATZ,FUTURE,GENERIC_TICKER,DU1_COMDTY,BBG
SCHATZ,FUTURE,NO_ADJ,DU1 A:00_0_N? COMDTY,BBG
SCHATZ,FUTURE,Return Period,252,BBG
SCHATZ,FUTURE,RISK_TICKER,DU1 A:00_0_R? COMDTY,BBG
SCHATZ,FUTURE,RISK_TICKER2,DU1 A:00_0_R? COMDTY,BBG
SCHATZ,FUTURE,Spot,DU1 A:00_0_R? COMDTY,BBG
SCHATZ,FUTURE,TREND_PRICE,DU1 A:00_0_D? COMDTY,BBG
SEK,FORWARD,10YYields,GTSEK10YR Corp,BBG
SEK,FORWARD,2YYields,GTSEK2YR Corp,BBG
SEK,FORWARD,3MYields,GSGT3M Index,BBG
SEK,FORWARD,ACTIVE_TICKER,USDSEK CURNCY,BBG
SEK,FORWARD,Balance of Payments,G10:N144BBPG,HAVER
SEK,FORWARD,Carry,SEKI3M Curncy,BBG
SEK,FORWARD,Carry 12M,SEKI12M CURNCY,BBG
SEK,FORWARD,Carry2,US0003M Index,BBG
SEK,FORWARD,Carry2 12M,US0012M Curncy,BBG
SEK,FORWARD,ClearMacro,Sweden,CLEARMACRO
SEK,FORWARD,CPI,SDCONPRCF,DATASTREAM
SEK,FORWARD,CPI_YOY,SWCPYOY Index,BBG
SEK,FORWARD,Current Account,EHCASE INDEX,BBG
SEK,FORWARD,Economic Surprises,CESISEK Index,BBG
SEK,FORWARD,Equity Performance,OMX Index,BBG
SEK,FORWARD,GENERIC_TICKER,USDSEK_CURNCY,BBG
SEK,FORWARD,Inflation Surprises,CSIISEK Index,BBG
SEK,FORWARD,Long term rate,SDGBOND.,DATASTREAM
SEK,FORWARD,NO_ADJ,USDSEK CURNCY,BBG
SEK,FORWARD,OECD CLI,OESEKLAC Index,BBG
SEK,FORWARD,PPP,PPP SW Index,BBG
SEK,FORWARD,Return Period,252,BBG
SEK,FORWARD,RISK_TICKER,USDSEK CURNCY,BBG
SEK,FORWARD,RISK_TICKER2,SEKUSD CURNCY,BBG
SEK,FORWARD,Short term rate,SIBOR3M,DATASTREAM
SEK,FORWARD,Spot,USDSEK Curncy,BBG
SEK,FORWARD,Terms of Trade,SDTOTPRCF,DATASTREAM
SEK,FORWARD,TREND_PRICE,USDSEK CURNCY,BBG
SEK,FORWARD,Unemployment Rate,SWUESART Index,BBG
SILVER,FUTURE,ACTIVE_TICKER,SIA COMDTY,BBG
SILVER,FUTURE,Carry,SI1 A:00_0_N? COMDTY,BBG
SILVER,FUTURE,Carry2,SI2 A:00_0_N? COMDTY,BBG
SILVER,FUTURE,ClearMacro,Silver,CLEARMACRO
SILVER,FUTURE,GENERIC_TICKER,SI1_COMDTY,BBG
SILVER,FUTURE,NO_ADJ,SI1 A:00_0_N? COMDTY,BBG
SILVER,FUTURE,Return Period,252,BBG
SILVER,FUTURE,RISK_TICKER,SI1 A:00_0_R? COMDTY,BBG
SILVER,FUTURE,RISK_TICKER2,SI1 A:00_0_R? COMDTY,BBG
SILVER,FUTURE,Spot,SI1 A:00_0_R? COMDTY,BBG
SILVER,FUTURE,TREND_PRICE,SI1 A:00_0_D? COMDTY,BBG
SINGAPORE,FUTURE,ACTIVE_TICKER,QZA INDEX,BBG
SINGAPORE,FUTURE,ASR ERP,SPASERP,DATASTREAM
SINGAPORE,FUTURE,Carry,QZ1 A:00_0_N? INDEX,BBG
SINGAPORE,FUTURE,Carry2,QZ2 A:00_0_N? INDEX,BBG
SINGAPORE,FUTURE,ClearMacro,Singapore,CLEARMACRO
SINGAPORE,FUTURE,FX XXXGBP,SGDGBP CURNCY,BBG
SINGAPORE,FUTURE,FX XXXUSD,SGDUSD CURNCY,BBG
SINGAPORE,FUTURE,GENERIC_TICKER,QZ1_INDEX,BBG
SINGAPORE,FUTURE,MSCI Index,MXSG INDEX,BBG
SINGAPORE,FUTURE,NO_ADJ,QZ1 A:00_0_N? INDEX,BBG
SINGAPORE,FUTURE,Return Period,252,BBG
SINGAPORE,FUTURE,RISK_TICKER,QZ1 A:00_0_R? INDEX,BBG
SINGAPORE,FUTURE,RISK_TICKER2,QZ1 A:00_0_R? INDEX,BBG
SINGAPORE,FUTURE,Spot,QZ1 A:00_0_R? INDEX,BBG
SINGAPORE,FUTURE,TREND_PRICE,QZ1 A:00_0_D? INDEX,BBG
SOUTH AFRICA,FUTURE,ACTIVE_TICKER,AIA INDEX,BBG
SOUTH AFRICA,FUTURE,ASR ERP,SAASERP,DATASTREAM
SOUTH AFRICA,FUTURE,Carry,AI1 A:00_0_N? INDEX,BBG
SOUTH AFRICA,FUTURE,Carry2,AI2 A:00_0_N? INDEX,BBG
SOUTH AFRICA,FUTURE,ClearMacro,S. Africa,CLEARMACRO
SOUTH AFRICA,FUTURE,FX XXXGBP,ZARGBP CURNCY,BBG
SOUTH AFRICA,FUTURE,FX XXXUSD,ZARUSD CURNCY,BBG
SOUTH AFRICA,FUTURE,GENERIC_TICKER,AI1_INDEX,BBG
SOUTH AFRICA,FUTURE,MSCI Index,MXZA INDEX,BBG
SOUTH AFRICA,FUTURE,NO_ADJ,AI1 A:00_0_N? INDEX,BBG
SOUTH AFRICA,FUTURE,Return Period,252,BBG
SOUTH AFRICA,FUTURE,RISK_TICKER,AI1 A:00_0_R? INDEX,BBG
SOUTH AFRICA,FUTURE,RISK_TICKER2,AI1 A:00_0_R? INDEX,BBG
SOUTH AFRICA,FUTURE,Spot,AI1 A:00_0_R? INDEX,BBG
SOUTH AFRICA,FUTURE,TREND_PRICE,AI1 A:00_0_D? INDEX,BBG
SOYBEAN,FUTURE,ACTIVE_TICKER,S A COMDTY,BBG
SOYBEAN,FUTURE,Carry,S 1 A:00_0_N? COMDTY,BBG
SOYBEAN,FUTURE,Carry2,S 2 A:00_0_N? COMDTY,BBG
SOYBEAN,FUTURE,ClearMacro,Soybean,CLEARMACRO
SOYBEAN,FUTURE,FX XXXGBP,USDGBP CURNCY,BBG
SOYBEAN,FUTURE,GENERIC_TICKER,S_1_COMDTY,BBG
SOYBEAN,FUTURE,NO_ADJ,S 1 A:00_0_N? COMDTY,BBG
SOYBEAN,FUTURE,Return Period,22,BBG
SOYBEAN,FUTURE,RISK_TICKER,S 1 A:00_0_R? COMDTY,BBG
SOYBEAN,FUTURE,RISK_TICKER2,S 1 A:00_0_R? COMDTY,BBG
SOYBEAN,FUTURE,Spot,S 1 A:00_0_R? COMDTY,BBG
SOYBEAN,FUTURE,TREND_PRICE,S 1 A:00_0_D? COMDTY,BBG
SPAIN,FUTURE,ACTIVE_TICKER,IBA INDEX,BBG
SPAIN,FUTURE,ASR ERP,ESASERP,DATASTREAM
SPAIN,FUTURE,Carry,IB1 A:00_0_N? INDEX,BBG
SPAIN,FUTURE,Carry2,IB2 A:00_0_N? INDEX,BBG
SPAIN,FUTURE,ClearMacro,Spain,CLEARMACRO
SPAIN,FUTURE,FX XXXGBP,EURGBP CURNCY,BBG
SPAIN,FUTURE,FX XXXUSD,EURUSD CURNCY,BBG
SPAIN,FUTURE,GENERIC_TICKER,IB1_INDEX,BBG
SPAIN,FUTURE,MSCI Index,MXES INDEX,BBG
SPAIN,FUTURE,NO_ADJ,IB1 A:00_0_N? INDEX,BBG
SPAIN,FUTURE,Return Period,252,BBG
SPAIN,FUTURE,RISK_TICKER,IB1 A:00_0_R? INDEX,BBG
SPAIN,FUTURE,RISK_TICKER2,IB1 A:00_0_R? INDEX,BBG
SPAIN,FUTURE,Spot,IB1 A:00_0_R? INDEX,BBG
SPAIN,FUTURE,TREND_PRICE,IB1 A:00_0_D? INDEX,BBG
SUGAR,FUTURE,ACTIVE_TICKER,SBA COMDTY,BBG
SUGAR,FUTURE,Carry,SB1 A:00_0_N? COMDTY,BBG
SUGAR,FUTURE,Carry2,SB2 A:00_0_N? COMDTY,BBG
SUGAR,FUTURE,ClearMacro,Sugar,CLEARMACRO
SUGAR,FUTURE,FX XXXGBP,USDGBP CURNCY,BBG
SUGAR,FUTURE,GENERIC_TICKER,SB1_COMDTY,BBG
SUGAR,FUTURE,NO_ADJ,SB1 A:00_0_N? COMDTY,BBG
SUGAR,FUTURE,Return Period,22,BBG
SUGAR,FUTURE,RISK_TICKER,SB1 A:00_0_R? COMDTY,BBG
SUGAR,FUTURE,RISK_TICKER2,SB1 A:00_0_R? COMDTY,BBG
SUGAR,FUTURE,Spot,SB1 A:00_0_R? COMDTY,BBG
SUGAR,FUTURE,TREND_PRICE,SB1 A:00_0_D? COMDTY,BBG
SWEDEN,FUTURE,ACTIVE_TICKER,QCA INDEX,BBG
SWEDEN,FUTURE,ASR ERP,SDASERP,DATASTREAM
SWEDEN,FUTURE,Carry,QC1 A:00_0_N? INDEX,BBG
SWEDEN,FUTURE,Carry2,QC2 A:00_0_N? INDEX,BBG
SWEDEN,FUTURE,ClearMacro,Sweden,CLEARMACRO
SWEDEN,FUTURE,FX XXXGBP,SEKGBP CURNCY,BBG
SWEDEN,FUTURE,FX XXXUSD,SEKUSD CURNCY,BBG
SWEDEN,FUTURE,GENERIC_TICKER,QC1_INDEX,BBG
SWEDEN,FUTURE,MSCI Index,MXSE INDEX,BBG
SWEDEN,FUTURE,NO_ADJ,QC1 A:00_0_N? INDEX,BBG
SWEDEN,FUTURE,Return Period,252,BBG
SWEDEN,FUTURE,RISK_TICKER,QC1 A:00_0_R? INDEX,BBG
SWEDEN,FUTURE,RISK_TICKER2,QC1 A:00_0_R? INDEX,BBG
SWEDEN,FUTURE,Spot,QC1 A:00_0_R? INDEX,BBG
SWEDEN,FUTURE,Terms of Trade,SDTOTPRCF,DATASTREAM
SWEDEN,FUTURE,TREND_PRICE,QC1 A:00_0_D? INDEX,BBG
SWITZERLAND,FUTURE,ACTIVE_TICKER,SMA INDEX,BBG
SWITZERLAND,FUTURE,ASR ERP,SWASERP,DATASTREAM
SWITZERLAND,FUTURE,Carry,SM1 A:00_0_N? INDEX,BBG
SWITZERLAND,FUTURE,Carry2,SM2 A:00_0_N? INDEX,BBG
SWITZERLAND,FUTURE,ClearMacro,Switzerland,CLEARMACRO
SWITZERLAND,FUTURE,CPI,SWI64...F,DATASTREAM
SWITZERLAND,FUTURE,FX XXXGBP,CHFGBP CURNCY,BBG
SWITZERLAND,FUTURE,FX XXXUSD,CHFUSD CURNCY,BBG
SWITZERLAND,FUTURE,GENERIC_TICKER,SM1_INDEX,BBG
SWITZERLAND,FUTURE,MSCI Index,MXCH INDEX,BBG
SWITZERLAND,FUTURE,NO_ADJ,SM1 A:00_0_N? INDEX,BBG
SWITZERLAND,FUTURE,Return Period,252,BBG
SWITZERLAND,FUTURE,RISK_TICKER,SM1 A:00_0_R? INDEX,BBG
SWITZERLAND,FUTURE,RISK_TICKER2,SM1 A:00_0_R? INDEX,BBG
SWITZERLAND,FUTURE,Spot,SM1 A:00_0_R? INDEX,BBG
SWITZERLAND,FUTURE,Terms of Trade,SWTOTPRCF,DATASTREAM
SWITZERLAND,FUTURE,TREND_PRICE,SM1 A:00_0_D? INDEX,BBG
TAIWAN,FUTURE,ACTIVE_TICKER,TWTA INDEX,BBG
TAIWAN,FUTURE,ASR ERP,TWASERP,DATASTREAM
TAIWAN,FUTURE,Carry,TWT1 A:00_0_N? INDEX,BBG
TAIWAN,FUTURE,Carry2,TWT2 A:00_0_N? INDEX,BBG
TAIWAN,FUTURE,ClearMacro,Taiwan,CLEARMACRO
TAIWAN,FUTURE,FX XXXGBP,USDGBP CURNCY,BBG
TAIWAN,FUTURE,FX XXXUSD,TWDUSD CURNCY,BBG
TAIWAN,FUTURE,GENERIC_TICKER,TWT1_INDEX,BBG
TAIWAN,FUTURE,MSCI Index,TAMSCI INDEX,BBG
TAIWAN,FUTURE,NO_ADJ,TWT1 A:00_0_N? INDEX,BBG
TAIWAN,FUTURE,Return Period,252,BBG
TAIWAN,FUTURE,RISK_TICKER,TWT1 A:00_0_R? INDEX,BBG
TAIWAN,FUTURE,RISK_TICKER2,TWT1 A:00_0_R? INDEX,BBG
TAIWAN,FUTURE,Spot,TWT1 A:00_0_R? INDEX,BBG
TAIWAN,FUTURE,TREND_PRICE,TWT1 A:00_0_D? INDEX,BBG
TAIWAN OLD,FUTURE,ACTIVE_TICKER,TWA INDEX,BBG
TAIWAN OLD,FUTURE,Carry,TW1 A:00_0_N? INDEX,BBG
TAIWAN OLD,FUTURE,Carry2,TW2 A:00_0_N? INDEX,BBG
TAIWAN OLD,FUTURE,ClearMacro,Taiwan,CLEARMACRO
TAIWAN OLD,FUTURE,FX XXXGBP,USDGBP CURNCY,BBG
TAIWAN OLD,FUTURE,GENERIC_TICKER,TW1_INDEX,BBG
TAIWAN OLD,FUTURE,NO_ADJ,TW1 A:00_0_N? INDEX,BBG
TAIWAN OLD,FUTURE,Return Period,252,BBG
TAIWAN OLD,FUTURE,RISK_TICKER,TW1 A:00_0_R? INDEX,BBG
TAIWAN OLD,FUTURE,RISK_TICKER2,TW1 A:00_0_R? INDEX,BBG
TAIWAN OLD,FUTURE,TREND_PRICE,TW1 A:00_0_D? INDEX,BBG
THB,FORWARD,10YYields,GVTL10YR Index,BBG
THB,FORWARD,2M_FWD,THB2M CMPN Curncy,BBG
THB,FORWARD,2YYields,GVTL2YR Index,BBG
THB,FORWARD,3M_FWD,THB3M CMPN Curncy,BBG
THB,FORWARD,3MYields,BOFX3M Index,BBG
THB,FORWARD,ACTIVE_TICKER,USDTHBCR CURNCY,BBG
THB,FORWARD,Carry,THBI3M Curncy,BBG
THB,FORWARD,Carry2,US0003M Curncy,BBG
THB,FORWARD,Carry3,CEWSTHB Index,BBG
THB,FORWARD,ClearMacro,Thailand,CLEARMACRO
THB,FORWARD,CPI_YOY,THCPIYOY Index,BBG
THB,FORWARD,Current Account,EHCATH INDEX,BBG
THB,FORWARD,Economic Surprises,CESITHB Index,BBG
THB,FORWARD,Equity Performance,SET Index,BBG
THB,FORWARD,FX XXXGBP,THBGBP CURNCY,BBG
THB,FORWARD,GBP_Spot,GBPTHB Curncy,BBG
THB,FORWARD,GENERIC_TICKER,USDTHBCR_CURNCY,BBG
THB,FORWARD,IMPVOL,USDTHBV3M Curncy,BBG
THB,FORWARD,Inflation Surprises,CSIITHB Index,BBG
THB,FORWARD,NO_ADJ,USDTHB CURNCY,BBG
THB,FORWARD,PPP,IPPPTHA Index,BBG
THB,FORWARD,Return Period,22,BBG
THB,FORWARD,RISK_TICKER,USDTHB CURNCY,BBG
THB,FORWARD,RISK_TICKER2,THBUSD CURNCY,BBG
THB,FORWARD,Spot,USDTHB CURNCY,BBG
THB,FORWARD,TREND_PRICE,USDTHB CURNCY,BBG
THB,FORWARD,Unemployment Rate,EHUPTH Index,BBG
THB,FORWARD,USD_Spot,USDTHB Curncy,BBG
TIPS,INDEX,ClearMacro,US,CLEARMACRO
TIPS,INDEX,Equity Performance,SPX Index,BBG
TIPS,INDEX,FX XXXGBP,USDGBP CURNCY,BBG
TIPS,INDEX,Return Period,252,BBG
TIPS,INDEX,RISK_TICKER,LBUTTRUU INDEX,BBG
TIPS,INDEX,RISK_TICKER2,LBUTTRUU INDEX,BBG
TIPS,INDEX,Spot,LBUTTRUU INDEX,BBG
TIPS,INDEX,TREND_PRICE,LBUTTRUU INDEX,BBG
TRY,FORWARD,10YYields,GTRU10YR Index,BBG
TRY,FORWARD,2M_FWD,TRY2M CMPN Curncy,BBG
TRY,FORWARD,2YYields,GTRU2YR Index,BBG
TRY,FORWARD,3M_FWD,TRY3M CMPN Curncy,BBG
TRY,FORWARD,3MYields,TRLIB3M Index,BBG
TRY,FORWARD,ACTIVE_TICKER,USDTRYCR CURNCY,BBG
TRY,FORWARD,Carry,TRYI3M Curncy,BBG
TRY,FORWARD,Carry 12M,TYI12M CMPN Curncy,BBG
TRY,FORWARD,Carry2,US0003M Curncy,BBG
TRY,FORWARD,Carry2 12M,US0012M Curncy,BBG
TRY,FORWARD,Carry3,CEWSTRY Index,BBG
TRY,FORWARD,ClearMacro,Turkey,CLEARMACRO
TRY,FORWARD,CPI_YOY,TUCPIY Index,BBG
TRY,FORWARD,Current Account,EHCATR INDEX,BBG
TRY,FORWARD,Economic Surprises,CESITRY Index,BBG
TRY,FORWARD,Equity Performance,XU100 Index,BBG
TRY,FORWARD,FX XXXGBP,TRYGBP CURNCY,BBG
TRY,FORWARD,GBP_Spot,GBPTRY Curncy,BBG
TRY,FORWARD,GENERIC_TICKER,USDTRYCR_CURNCY,BBG
TRY,FORWARD,IMPVOL,USDTRYV3M Curncy,BBG
TRY,FORWARD,Inflation Surprises,CSIITRY Index,BBG
TRY,FORWARD,NO_ADJ,USDTRY CURNCY,BBG
TRY,FORWARD,OECD CLI,OETRKLAC Index,BBG
TRY,FORWARD,PPP,IPPPTUR Index,BBG
TRY,FORWARD,Return Period,22,BBG
TRY,FORWARD,RISK_TICKER,USDTRY CURNCY,BBG
TRY,FORWARD,RISK_TICKER2,TRYUSD CURNCY,BBG
TRY,FORWARD,Spot,USDTRY CURNCY,BBG
TRY,FORWARD,TREND_PRICE,USDTRY CURNCY,BBG
TRY,FORWARD,Unemployment Rate,EHUPTR Index,BBG
TRY,FORWARD,USD_Spot,USDTRY Curncy,BBG
TURKEY,FUTURE,ACTIVE_TICKER,A5A INDEX,BBG
TURKEY,FUTURE,ASR ERP,TKASERP,DATASTREAM
TURKEY,FUTURE,Carry,A51 A:00_0_N? INDEX,BBG
TURKEY,FUTURE,Carry2,A52 A:00_0_N? INDEX,BBG
TURKEY,FUTURE,ClearMacro,Turkey,CLEARMACRO
TURKEY,FUTURE,FX XXXGBP,TRYGBP CURNCY,BBG
TURKEY,FUTURE,FX XXXUSD,TRYUSD CURNCY,BBG
TURKEY,FUTURE,GENERIC_TICKER,A51_INDEX,BBG
TURKEY,FUTURE,MSCI Index,MXTR INDEX,BBG
TURKEY,FUTURE,NO_ADJ,A51 A:00_0_N? INDEX,BBG
TURKEY,FUTURE,Return Period,252,BBG
TURKEY,FUTURE,RISK_TICKER,A51 A:00_0_R? INDEX,BBG
TURKEY,FUTURE,RISK_TICKER2,A51 A:00_0_R? INDEX,BBG
TURKEY,FUTURE,Spot,A51 A:00_0_R? INDEX,BBG
TURKEY,FUTURE,TREND_PRICE,A51 A:00_0_D? INDEX,BBG
TWD,FORWARD,10YYields,GVTWTO10 Index,BBG
TWD,FORWARD,2M_FWD,NTN2M CMPN Curncy,BBG
TWD,FORWARD,2YYields,GVTWTO2 Index,BBG
TWD,FORWARD,3M_FWD,NTN3M CMPN Curncy,BBG
TWD,FORWARD,3MYields,TAIBOR3M Index,BBG
TWD,FORWARD,ACTIVE_TICKER,USDTWDCR CURNCY,BBG
TWD,FORWARD,Carry,TRNI3M Curncy,BBG
TWD,FORWARD,Carry2,US0003M Curncy,BBG
TWD,FORWARD,Carry3,CEWSTWD Index,BBG
TWD,FORWARD,ClearMacro,Taiwan,CLEARMACRO
TWD,FORWARD,CPI_YOY,TWCPIYOY Index,BBG
TWD,FORWARD,Current Account,EHCATW INDEX,BBG
TWD,FORWARD,Economic Surprises,CESITWD Index,BBG
TWD,FORWARD,Equity Performance,TWSE Index,BBG
TWD,FORWARD,FX XXXGBP,TWDGBP CURNCY,BBG
TWD,FORWARD,GBP_Spot,GBPTWD Curncy,BBG
TWD,FORWARD,GENERIC_TICKER,USDTWDCR_CURNCY,BBG
TWD,FORWARD,IMPVOL,USDTWDV3M Curncy,BBG
TWD,FORWARD,Inflation Surprises,CSIITWD Index,BBG
TWD,FORWARD,NO_ADJ,USDTWD CURNCY,BBG
TWD,FORWARD,PPP,IPPPTWN Index,BBG
TWD,FORWARD,Return Period,22,BBG
TWD,FORWARD,RISK_TICKER,USDTWD CURNCY,BBG
TWD,FORWARD,RISK_TICKER2,TWDUSD CURNCY,BBG
TWD,FORWARD,Spot,USDTWD CURNCY,BBG
TWD,FORWARD,TREND_PRICE,USDTWD CURNCY,BBG
TWD,FORWARD,Unemployment Rate,EHUPTW Index,BBG
TWD,FORWARD,USD_Spot,USDTWD Curncy,BBG
UK,FUTURE,ACTIVE_TICKER,Z A INDEX,BBG
UK,FUTURE,ASR ERP,UKASERP,DATASTREAM
UK,FUTURE,Carry,Z 1 A:00_0_N? INDEX,BBG
UK,FUTURE,Carry2,Z 2 A:00_0_N? INDEX,BBG
UK,FUTURE,ClearMacro,UK,CLEARMACRO
UK,FUTURE,CPI,UKCONPRCF,DATASTREAM
UK,FUTURE,FX XXXGBP,USD CURNCY,BBG
UK,FUTURE,FX XXXUSD,GBPUSD CURNCY,BBG
UK,FUTURE,GENERIC_TICKER,Z_1_INDEX,BBG
UK,FUTURE,MSCI Index,MXGB INDEX,BBG
UK,FUTURE,NO_ADJ,Z 1 A:00_0_N? INDEX,BBG
UK,FUTURE,Return Period,252,BBG
UK,FUTURE,RISK_TICKER,Z 1 A:00_0_R? INDEX,BBG
UK,FUTURE,RISK_TICKER2,Z 1 A:00_0_R? INDEX,BBG
UK,FUTURE,Spot,Z 1 A:00_0_R? INDEX,BBG
UK,FUTURE,Terms of Trade,UKCTRM..F,DATASTREAM
UK,FUTURE,TREND_PRICE,Z 1 A:00_0_D? INDEX,BBG
US 10YR,FUTURE,10YYields,I02510Y INDEX,BBG
US 10YR,FUTURE,2YYields,I02502Y INDEX,BBG
US 10YR,FUTURE,ACTIVE_TICKER,TYA COMDTY,BBG
US 10YR,FUTURE,Carry,I02503M INDEX,BBG
US 10YR,FUTURE,Carry2,I02509Y INDEX,BBG
US 10YR,FUTURE,Carry3,I02510Y INDEX,BBG
US 10YR,FUTURE,ClearMacro,US,CLEARMACRO
US 10YR,FUTURE,CPI,USI64...F,DATASTREAM
US 10YR,FUTURE,Equity Performance,SPX Index,BBG
US 10YR,FUTURE,FX XXXGBP,USDGBP CURNCY,BBG
US 10YR,FUTURE,GENERIC_TICKER,TY1_COMDTY,BBG
US 10YR,FUTURE,NO_ADJ,TY1 A:00_0_N? COMDTY,BBG
US 10YR,FUTURE,Return Period,252,BBG
US 10YR,FUTURE,RISK_TICKER,TY1 A:00_0_R? COMDTY,BBG
US 10YR,FUTURE,RISK_TICKER2,TY1 A:00_0_R? COMDTY,BBG
US 10YR,FUTURE,Spot,TY1 A:00_0_R? COMDTY,BBG
US 10YR,FUTURE,Terms of Trade,USTOTPRCF,DATASTREAM
US 10YR,FUTURE,TREND_PRICE,TY1 A:00_0_D? COMDTY,BBG
US 2YR,FUTURE,ACTIVE_TICKER,TUA COMDTY,BBG
US 2YR,FUTURE,Carry,I02503M INDEX,BBG
US 2YR,FUTURE,Carry2,I02509Y INDEX,BBG
US 2YR,FUTURE,Carry3,I02510Y INDEX,BBG
US 2YR,FUTURE,ClearMacro,US,CLEARMACRO
US 2YR,FUTURE,CPI,USI64...F,DATASTREAM
US 2YR,FUTURE,Equity Performance,SPX Index,BBG
US 2YR,FUTURE,GENERIC_TICKER,TU1_COMDTY,BBG
US 2YR,FUTURE,NO_ADJ,TU1 A:00_0_N? COMDTY,BBG
US 2YR,FUTURE,Return Period,252,BBG
US 2YR,FUTURE,RISK_TICKER,TU1 A:00_0_R? COMDTY,BBG
US 2YR,FUTURE,RISK_TICKER2,TU1 A:00_0_R? COMDTY,BBG
US 2YR,FUTURE,Spot,TU1 A:00_0_R? COMDTY,BBG
US 2YR,FUTURE,Terms of Trade,USTOTPRCF,DATASTREAM
US 2YR,FUTURE,TREND_PRICE,TU1 A:00_0_D? COMDTY,BBG
US 5YR,FUTURE,ACTIVE_TICKER,FVA COMDTY,BBG
US 5YR,FUTURE,Carry,I02503M INDEX,BBG
US 5YR,FUTURE,Carry2,I02509Y INDEX,BBG
US 5YR,FUTURE,Carry3,I02510Y INDEX,BBG
US 5YR,FUTURE,ClearMacro,US,CLEARMACRO
US 5YR,FUTURE,CPI,USI64...F,DATASTREAM
US 5YR,FUTURE,Equity Performance,SPX Index,BBG
US 5YR,FUTURE,GENERIC_TICKER,FV1_COMDTY,BBG
US 5YR,FUTURE,NO_ADJ,FV1 A:00_0_N? COMDTY,BBG
US 5YR,FUTURE,Return Period,252,BBG
US 5YR,FUTURE,RISK_TICKER,FV1 A:00_0_R? COMDTY,BBG
US 5YR,FUTURE,RISK_TICKER2,FV1 A:00_0_R? COMDTY,BBG
US 5YR,FUTURE,Spot,FV1 A:00_0_R? COMDTY,BBG
US 5YR,FUTURE,Terms of Trade,USTOTPRCF,DATASTREAM
US 5YR,FUTURE,TREND_PRICE,FV1 A:00_0_D? COMDTY,BBG
US LONG,FUTURE,ACTIVE_TICKER,USA COMDTY,BBG
US LONG,FUTURE,Carry,I02503M INDEX,BBG
US LONG,FUTURE,Carry2,I02509Y INDEX,BBG
US LONG,FUTURE,Carry3,I02510Y INDEX,BBG
US LONG,FUTURE,ClearMacro,US,CLEARMACRO
US LONG,FUTURE,CPI,USI64...F,DATASTREAM
US LONG,FUTURE,Equity Performance,SPX Index,BBG
US LONG,FUTURE,GENERIC_TICKER,US1_COMDTY,BBG
US LONG,FUTURE,NO_ADJ,US1 A:00_0_N? COMDTY,BBG
US LONG,FUTURE,Return Period,252,BBG
US LONG,FUTURE,RISK_TICKER,US1 A:00_0_R? COMDTY,BBG
US LONG,FUTURE,RISK_TICKER2,US1 A:00_0_R? COMDTY,BBG
US LONG,FUTURE,Spot,US1 A:00_0_R? COMDTY,BBG
US LONG,FUTURE,Terms of Trade,USTOTPRCF,DATASTREAM
US LONG,FUTURE,TREND_PRICE,US1 A:00_0_D? COMDTY,BBG
US ULTRA,FUTURE,ACTIVE_TICKER,WNA COMDTY,BBG
US ULTRA,FUTURE,Carry,I02503M INDEX,BBG
US ULTRA,FUTURE,Carry2,I02509Y INDEX,BBG
US ULTRA,FUTURE,Carry3,I02510Y INDEX,BBG
US ULTRA,FUTURE,ClearMacro,US,CLEARMACRO
US ULTRA,FUTURE,Equity Performance,SPX Index,BBG
US ULTRA,FUTURE,GENERIC_TICKER,WN1_COMDTY,BBG
US ULTRA,FUTURE,NO_ADJ,WN1 A:00_0_N? COMDTY,BBG
US ULTRA,FUTURE,Return Period,252,BBG
US ULTRA,FUTURE,RISK_TICKER,WN1 A:00_0_R? COMDTY,BBG
US ULTRA,FUTURE,RISK_TICKER2,WN1 A:00_0_R? COMDTY,BBG
US ULTRA,FUTURE,Spot,WN1 A:00_0_R? COMDTY,BBG
US ULTRA,FUTURE,TREND_PRICE,WN1 A:00_0_D? COMDTY,BBG
USA,FUTURE,ACTIVE_TICKER,ESA INDEX,BBG
USA,FUTURE,ASR ERP,USASERP,DATASTREAM
USA,FUTURE,Carry,ES1 A:00_0_N? INDEX,BBG
USA,FUTURE,Carry2,ES2 A:00_0_N? INDEX,BBG
USA,FUTURE,ClearMacro,US,CLEARMACRO
USA,FUTURE,CPI,USI64...F,DATASTREAM
USA,FUTURE,FX XXXGBP,USDGBP CURNCY,BBG
USA,FUTURE,FX XXXUSD,USD CURNCY,BBG
USA,FUTURE,GENERIC_TICKER,ES1_INDEX,BBG
USA,FUTURE,MSCI Index,MXUS INDEX,BBG
USA,FUTURE,NO_ADJ,ES1 A:00_0_N? INDEX,BBG
USA,FUTURE,Return Period,252,BBG
USA,FUTURE,RISK_TICKER,ES1 A:00_0_R? INDEX,BBG
USA,FUTURE,RISK_TICKER2,ES1 A:00_0_R? INDEX,BBG
USA,FUTURE,Spot,ES1 A:00_0_R? INDEX,BBG
USA,FUTURE,Terms of Trade,USTOTPRCF,DATASTREAM
USA,FUTURE,TREND_PRICE,ES1 A:00_0_D? INDEX,BBG
USD,FORWARD,10YYields,GT10 Govt,BBG
USD,FORWARD,2YYields,GT02 Govt,BBG
USD,FORWARD,3MYields,USBMMY3M Index,BBG
USD,FORWARD,Balance of Payments,G10:N111BBPG,HAVER
USD,FORWARD,Carry,US0003M Index,BBG
USD,FORWARD,Carry2,US0003M Index,BBG
USD,FORWARD,ClearMacro,US,CLEARMACRO
USD,FORWARD,ClearMacro V3,USA,CLEARMACRO
USD,FORWARD,CPI,USI64...F,DATASTREAM
USD,FORWARD,CPI_YOY,CPI YOY Index,BBG
USD,FORWARD,Current Account,EHCAUS INDEX,BBG
USD,FORWARD,Economic Surprises,CESIUSD Index,BBG
USD,FORWARD,Equity Performance,SPX Index,BBG
USD,FORWARD,Inflation Surprises,CSIIUSD Index,BBG
USD,FORWARD,Long term rate,USGBOND.,DATASTREAM
USD,FORWARD,OECD CLI,OEUSKLAC Index,BBG
USD,FORWARD,PPP,IPPPUSA Index,BBG
USD,FORWARD,Return Period,66,BBG
USD,FORWARD,RISK_TICKER,DXY Index,BBG
USD,FORWARD,RISK_TICKER2,DXY Index,BBG
USD,FORWARD,Short term rate,USINTER3,DATASTREAM
USD,FORWARD,Spot,USD Curncy,BBG
USD,FORWARD,Terms of Trade,USTOTPRCF,DATASTREAM
USD,FORWARD,Unemployment Rate,USURTOT Index,BBG
VIX,FUTURE,ACTIVE_TICKER,UXA INDEX,BBG
VIX,FUTURE,Carry,UX1 A:00_0_N? INDEX,BBG
VIX,FUTURE,Carry2,UX2 A:00_0_N? INDEX,BBG
VIX,FUTURE,ClearMacro,Volatility,CLEARMACRO
VIX,FUTURE,FX XXXGBP,USDGBP CURNCY,BBG
VIX,FUTURE,GENERIC_TICKER,UX1_INDEX,BBG
VIX,FUTURE,NO_ADJ,UX1 A:00_0_N? INDEX,BBG
VIX,FUTURE,Return Period,22,BBG
VIX,FUTURE,RISK_TICKER,UX1 A:00_0_R? INDEX,BBG
VIX,FUTURE,RISK_TICKER2,UX1 A:00_0_R? INDEX,BBG
VIX,FUTURE,Spot,UX1 A:00_0_R? INDEX,BBG
VIX,FUTURE,TREND_PRICE,UX1 A:00_0_D? INDEX,BBG
WHEAT,FUTURE,ACTIVE_TICKER,W A COMDTY,BBG
WHEAT,FUTURE,Carry,W 1 A:00_0_N? COMDTY,BBG
WHEAT,FUTURE,Carry2,W 2 A:00_0_N? COMDTY,BBG
WHEAT,FUTURE,ClearMacro,Wheat,CLEARMACRO
WHEAT,FUTURE,FX XXXGBP,USDGBP CURNCY,BBG
WHEAT,FUTURE,GENERIC_TICKER,W_1_COMDTY,BBG
WHEAT,FUTURE,NO_ADJ,W 1 A:00_0_N? COMDTY,BBG
WHEAT,FUTURE,Return Period,22,BBG
WHEAT,FUTURE,RISK_TICKER,W 1 A:00_0_R? COMDTY,BBG
WHEAT,FUTURE,RISK_TICKER2,W 1 A:00_0_R? COMDTY,BBG
WHEAT,FUTURE,Spot,W 1 A:00_0_R? COMDTY,BBG
WHEAT,FUTURE,TREND_PRICE,W 1 A:00_0_D? COMDTY,BBG
WTI CRUDE,FUTURE,ACTIVE_TICKER,CLA COMDTY,BBG
WTI CRUDE,FUTURE,Carry,CL1 A:00_0_N? COMDTY,BBG
WTI CRUDE,FUTURE,Carry2,CL2 A:00_0_N? COMDTY,BBG
WTI CRUDE,FUTURE,ClearMacro,Crude Oil,CLEARMACRO
WTI CRUDE,FUTURE,FX XXXGBP,USDGBP CURNCY,BBG
WTI CRUDE,FUTURE,GENERIC_TICKER,CL1_COMDTY,BBG
WTI CRUDE,FUTURE,NO_ADJ,CL1 A:00_0_N? COMDTY,BBG
WTI CRUDE,FUTURE,Return Period,252,BBG
WTI CRUDE,FUTURE,RISK_TICKER,CL1 A:00_0_R? COMDTY,BBG
WTI CRUDE,FUTURE,RISK_TICKER2,CL2 A:00_0_R? COMDTY,BBG
WTI CRUDE,FUTURE,Spot,CL1 A:00_0_R? COMDTY,BBG
WTI CRUDE,FUTURE,TREND_PRICE,CL1 A:00_0_D? COMDTY,BBG
WTI CRUDE 4M,FUTURE,ACTIVE_TICKER,CL4 COMDTY,BBG
WTI CRUDE 4M,FUTURE,Carry,CL1 A:00_0_N? COMDTY,BBG
WTI CRUDE 4M,FUTURE,Carry2,CL2 A:00_0_N? COMDTY,BBG
WTI CRUDE 4M,FUTURE,ClearMacro,Crude Oil,CLEARMACRO
WTI CRUDE 4M,FUTURE,FX XXXGBP,USDGBP CURNCY,BBG
WTI CRUDE 4M,FUTURE,GENERIC_TICKER,CL4_COMDTY,BBG
WTI CRUDE 4M,FUTURE,NO_ADJ,CL4 A:00_0_N? COMDTY,BBG
WTI CRUDE 4M,FUTURE,Return Period,252,BBG
WTI CRUDE 4M,FUTURE,RISK_TICKER,CL4 A:00_0_R? COMDTY,BBG
WTI CRUDE 4M,FUTURE,RISK_TICKER2,CL4 A:00_0_R? COMDTY,BBG
WTI CRUDE 4M,FUTURE,Spot,CL4 A:00_0_R? COMDTY,BBG
WTI CRUDE 4M,FUTURE,TREND_PRICE,CL4 A:00_0_D? COMDTY,BBG
ZAR,FORWARD,10YYields,GSAB10YR Index,BBG
ZAR,FORWARD,2M_FWD,ZAR2M CMPN Curncy,BBG
ZAR,FORWARD,2YYields,GSAB2YR Index,BBG
ZAR,FORWARD,3M_FWD,ZAR3M CMPN Curncy,BBG
ZAR,FORWARD,3MYields,JIBA3M Index,BBG
ZAR,FORWARD,ACTIVE_TICKER,USDZARCR CURNCY,BBG
ZAR,FORWARD,Carry,ZARI3M Curncy,BBG
ZAR,FORWARD,Carry 12M,SAI12M CMPN Curncy,BBG
ZAR,FORWARD,Carry2,US0003M Curncy,BBG
ZAR,FORWARD,Carry2 12M,US0012M Curncy,BBG
ZAR,FORWARD,Carry3,CEWSZAR Index,BBG
ZAR,FORWARD,ClearMacro,S. Africa,CLEARMACRO
ZAR,FORWARD,CPI_YOY,SACPIYOY Index,BBG
ZAR,FORWARD,Current Account,EHCAZA INDEX,BBG
ZAR,FORWARD,Economic Surprises,CESIZAR Index,BBG
ZAR,FORWARD,Equity Performance,TOP40 Index,BBG
ZAR,FORWARD,FX XXXGBP,ZARGBP CURNCY,BBG
ZAR,FORWARD,GBP_Spot,GBPZAR Curncy,BBG
ZAR,FORWARD,GENERIC_TICKER,USDZARCR_CURNCY,BBG
ZAR,FORWARD,IMPVOL,USDZARV3M Curncy,BBG
ZAR,FORWARD,Inflation Surprises,CSIIZAR Index,BBG
ZAR,FORWARD,NO_ADJ,USDZAR CURNCY,BBG
ZAR,FORWARD,OECD CLI,OEZAKLAC Index,BBG
ZAR,FORWARD,PPP,IPPPZAF Index,BBG
ZAR,FORWARD,Return Period,22,BBG
ZAR,FORWARD,RISK_TICKER,USDZAR CURNCY,BBG
ZAR,FORWARD,RISK_TICKER2,ZARUSD CURNCY,BBG
ZAR,FORWARD,Spot,USDZAR CURNCY,BBG
ZAR,FORWARD,TREND_PRICE,USDZAR CURNCY,BBG
ZAR,FORWARD,Unemployment Rate,EHUPZAY Index,BBG
ZAR,FORWARD,USD_Spot,USDZAR Curncy,BBG
